[09/25/26-18:51:47][thread 4868][info][CNamaSDK.cpp:481] fuSetup_Impl: sdk version 8.10.0_ALL_74382e4_ALL_7b98adec8
[09/25/26-18:51:50][thread 4868][info][fuai_pipeline.cpp:756] FuAIPipeline::CreateModel: FUAI_NewFaceProcessorFromBundleWithConfig
[09/25/26-18:51:50][thread 4868][info][fuai_pipeline.cpp:783] FuAIPipeline::CreateModel: FUAI_NewHumanProcessorFromBundleWithConfig(0,0)
[09/25/26-18:51:51][thread 4868][info][NamaContext.cpp:1534] created item name: face_beautification_v2
[09/25/26-18:51:51][thread 4868][info][CNamaSDK.cpp:890] fuCreateItemFromPackage: handle = 1, item_name = 
[09/25/26-18:51:51][thread 4868][warning][makeupController.cpp:2706] load texture failed!:eyepupil.png
[09/25/26-18:51:51][thread 4868][warning][makeupController.cpp:2706] load texture failed!:eyeliner.png
[09/25/26-18:51:51][thread 4868][warning][makeupController.cpp:2706] load texture failed!:eyelash.png
[09/25/26-18:51:51][thread 4868][warning][makeupController.cpp:2706] load texture failed!:brow.png
[09/25/26-18:51:51][thread 4868][warning][makeupController.cpp:2706] load texture failed!:eye.png
[09/25/26-18:51:51][thread 4868][warning][makeupController.cpp:2706] load texture failed!:eye2.png
[09/25/26-18:51:51][thread 4868][warning][makeupController.cpp:2706] load texture failed!:eye3.png
[09/25/26-18:51:51][thread 4868][warning][makeupController.cpp:2706] load texture failed!:eye4.png
[09/25/26-18:51:51][thread 4868][warning][makeupController.cpp:2706] load texture failed!:lip_top2.png
[09/25/26-18:51:51][thread 4868][warning][makeupController.cpp:2706] load texture failed!:zhuangrong_sh.png
[09/25/26-18:51:51][thread 4868][warning][makeupController.cpp:2706] load texture failed!:zhuangrong_sh2.png
[09/25/26-18:51:51][thread 4868][warning][makeupController.cpp:2706] load texture failed!:zhuangrong_fd.png
[09/25/26-18:51:51][thread 4868][warning][makeupController.cpp:2706] load texture failed!:zhuangrong_gg.png
[09/25/26-18:51:51][thread 4868][warning][makeupController.cpp:2706] load texture failed!:zhuangrong_yy.png
[09/25/26-18:51:51][thread 4868][warning][makeupController.cpp:2706] load texture failed!:lip_bz1.png
[09/25/26-18:51:51][thread 4868][warning][makeupController.cpp:2706] load texture failed!:gloss_lut.png
[09/25/26-18:51:51][thread 4868][info][NamaContext.cpp:1534] created item name: face_makeup
[09/25/26-18:51:51][thread 4868][info][CNamaSDK.cpp:890] fuCreateItemFromPackage: handle = 2, item_name = 
[09/25/26-18:51:51][thread 4868][info][NamaContext.cpp:1534] created item name: body_beautify
[09/25/26-18:51:51][thread 4868][info][CNamaSDK.cpp:890] fuCreateItemFromPackage: handle = 3, item_name = 
[09/25/26-18:51:51][thread 4868][info][CNamaSDK.cpp:1030] fuDestroyItem: handle = 2
[09/25/26-18:51:51][thread 4868][warning][makeupController.cpp:2706] load texture failed!:eyepupil.png
[09/25/26-18:51:51][thread 4868][warning][makeupController.cpp:2706] load texture failed!:eyeliner.png
[09/25/26-18:51:51][thread 4868][warning][makeupController.cpp:2706] load texture failed!:eyelash.png
[09/25/26-18:51:51][thread 4868][warning][makeupController.cpp:2706] load texture failed!:brow.png
[09/25/26-18:51:51][thread 4868][warning][makeupController.cpp:2706] load texture failed!:eye.png
[09/25/26-18:51:51][thread 4868][warning][makeupController.cpp:2706] load texture failed!:eye2.png
[09/25/26-18:51:51][thread 4868][warning][makeupController.cpp:2706] load texture failed!:eye3.png
[09/25/26-18:51:51][thread 4868][warning][makeupController.cpp:2706] load texture failed!:eye4.png
[09/25/26-18:51:51][thread 4868][warning][makeupController.cpp:2706] load texture failed!:lip_top2.png
[09/25/26-18:51:51][thread 4868][warning][makeupController.cpp:2706] load texture failed!:zhuangrong_sh.png
[09/25/26-18:51:51][thread 4868][warning][makeupController.cpp:2706] load texture failed!:zhuangrong_sh2.png
[09/25/26-18:51:51][thread 4868][warning][makeupController.cpp:2706] load texture failed!:zhuangrong_fd.png
[09/25/26-18:51:51][thread 4868][warning][makeupController.cpp:2706] load texture failed!:zhuangrong_gg.png
[09/25/26-18:51:51][thread 4868][warning][makeupController.cpp:2706] load texture failed!:zhuangrong_yy.png
[09/25/26-18:51:51][thread 4868][warning][makeupController.cpp:2706] load texture failed!:lip_bz1.png
[09/25/26-18:51:51][thread 4868][warning][makeupController.cpp:2706] load texture failed!:gloss_lut.png
[09/25/26-18:51:51][thread 4868][info][NamaContext.cpp:98] [js] liufei init stbline in
[09/25/26-18:51:51][thread 4868][info][NamaContext.cpp:98] [js] liufei statesArray init,len: 1
[09/25/26-18:51:51][thread 4868][info][NamaContext.cpp:98] [js] liufei init stbline ok
[09/25/26-18:51:51][thread 4868][info][NamaContext.cpp:98] [js] liufei init stbline in
[09/25/26-18:51:51][thread 4868][info][NamaContext.cpp:98] [js] liufei statesArray init,len: 1
[09/25/26-18:51:51][thread 4868][info][NamaContext.cpp:98] [js] liufei init stbline ok
[09/25/26-18:51:51][thread 4868][info][NamaContext.cpp:98] [js] liufei RegiterStb in
[09/25/26-18:51:51][thread 4868][info][makeupController.cpp:2037] debug++ SetParamTex called tex_lip_mask_zz
[09/25/26-18:51:51][thread 4868][info][makeupController.cpp:2037] debug++ SetParamTex called tex_blusher
[09/25/26-18:51:51][thread 4868][info][makeupController.cpp:2037] debug++ SetParamTex called tex_eyeLash
[09/25/26-18:51:51][thread 4868][info][makeupController.cpp:2037] debug++ SetParamTex called tex_eyeLiner
[09/25/26-18:51:51][thread 4868][info][makeupController.cpp:2037] debug++ SetParamTex called tex_eye
[09/25/26-18:51:51][thread 4868][info][makeupController.cpp:2037] debug++ SetParamTex called tex_brow
[09/25/26-18:51:51][thread 4868][info][NamaContext.cpp:1534] created item name: dummy
[09/25/26-18:51:51][thread 4868][info][CNamaSDK.cpp:890] fuCreateItemFromPackage: handle = 4, item_name = 
[09/25/26-18:51:55][thread 6284][info][CNamaSDK.cpp:1030] fuDestroyItem: handle = 4
[09/25/26-18:51:55][thread 6284][warning][makeupController.cpp:2706] load texture failed!:eyepupil.png
[09/25/26-18:51:55][thread 6284][warning][makeupController.cpp:2706] load texture failed!:eyeliner.png
[09/25/26-18:51:55][thread 6284][warning][makeupController.cpp:2706] load texture failed!:eyelash.png
[09/25/26-18:51:55][thread 6284][warning][makeupController.cpp:2706] load texture failed!:brow.png
[09/25/26-18:51:55][thread 6284][warning][makeupController.cpp:2706] load texture failed!:eye.png
[09/25/26-18:51:55][thread 6284][warning][makeupController.cpp:2706] load texture failed!:eye2.png
[09/25/26-18:51:55][thread 6284][warning][makeupController.cpp:2706] load texture failed!:eye3.png
[09/25/26-18:51:55][thread 6284][warning][makeupController.cpp:2706] load texture failed!:eye4.png
[09/25/26-18:51:55][thread 6284][warning][makeupController.cpp:2706] load texture failed!:lip_top2.png
[09/25/26-18:51:55][thread 6284][warning][makeupController.cpp:2706] load texture failed!:zhuangrong_sh.png
[09/25/26-18:51:55][thread 6284][warning][makeupController.cpp:2706] load texture failed!:zhuangrong_sh2.png
[09/25/26-18:51:55][thread 6284][warning][makeupController.cpp:2706] load texture failed!:zhuangrong_fd.png
[09/25/26-18:51:55][thread 6284][warning][makeupController.cpp:2706] load texture failed!:zhuangrong_gg.png
[09/25/26-18:51:55][thread 6284][warning][makeupController.cpp:2706] load texture failed!:zhuangrong_yy.png
[09/25/26-18:51:55][thread 6284][warning][makeupController.cpp:2706] load texture failed!:lip_bz1.png
[09/25/26-18:51:55][thread 6284][warning][makeupController.cpp:2706] load texture failed!:gloss_lut.png
[09/25/26-18:51:55][thread 6284][info][NamaContext.cpp:1534] created item name: face_makeup
[09/25/26-18:51:55][thread 6284][info][CNamaSDK.cpp:890] fuCreateItemFromPackage: handle = 5, item_name = 
[09/25/26-18:51:57][thread 6284][info][CNamaSDK.cpp:1030] fuDestroyItem: handle = 5
[09/25/26-18:51:57][thread 6284][warning][makeupController.cpp:2706] load texture failed!:eyepupil.png
[09/25/26-18:51:57][thread 6284][warning][makeupController.cpp:2706] load texture failed!:eyeliner.png
[09/25/26-18:51:57][thread 6284][warning][makeupController.cpp:2706] load texture failed!:eyelash.png
[09/25/26-18:51:57][thread 6284][warning][makeupController.cpp:2706] load texture failed!:brow.png
[09/25/26-18:51:57][thread 6284][warning][makeupController.cpp:2706] load texture failed!:eye.png
[09/25/26-18:51:57][thread 6284][warning][makeupController.cpp:2706] load texture failed!:eye2.png
[09/25/26-18:51:57][thread 6284][warning][makeupController.cpp:2706] load texture failed!:eye3.png
[09/25/26-18:51:57][thread 6284][warning][makeupController.cpp:2706] load texture failed!:eye4.png
[09/25/26-18:51:57][thread 6284][warning][makeupController.cpp:2706] load texture failed!:lip_top2.png
[09/25/26-18:51:57][thread 6284][warning][makeupController.cpp:2706] load texture failed!:zhuangrong_sh.png
[09/25/26-18:51:57][thread 6284][warning][makeupController.cpp:2706] load texture failed!:zhuangrong_sh2.png
[09/25/26-18:51:57][thread 6284][warning][makeupController.cpp:2706] load texture failed!:zhuangrong_fd.png
[09/25/26-18:51:57][thread 6284][warning][makeupController.cpp:2706] load texture failed!:zhuangrong_gg.png
[09/25/26-18:51:57][thread 6284][warning][makeupController.cpp:2706] load texture failed!:zhuangrong_yy.png
[09/25/26-18:51:57][thread 6284][warning][makeupController.cpp:2706] load texture failed!:lip_bz1.png
[09/25/26-18:51:57][thread 6284][warning][makeupController.cpp:2706] load texture failed!:gloss_lut.png
[09/25/26-18:51:57][thread 6284][info][NamaContext.cpp:98] [js] liufei init stbline in
[09/25/26-18:51:57][thread 6284][info][NamaContext.cpp:98] [js] liufei statesArray init,len: 1
[09/25/26-18:51:57][thread 6284][info][NamaContext.cpp:98] [js] liufei init stbline ok
[09/25/26-18:51:57][thread 6284][info][NamaContext.cpp:98] [js] liufei init stbline in
[09/25/26-18:51:57][thread 6284][info][NamaContext.cpp:98] [js] liufei statesArray init,len: 1
[09/25/26-18:51:57][thread 6284][info][NamaContext.cpp:98] [js] liufei init stbline ok
[09/25/26-18:51:57][thread 6284][info][NamaContext.cpp:98] [js] liufei RegiterStb in
[09/25/26-18:51:57][thread 6284][info][makeupController.cpp:2037] debug++ SetParamTex called tex_lip_mask_zz
[09/25/26-18:51:57][thread 6284][info][makeupController.cpp:2037] debug++ SetParamTex called tex_blusher
[09/25/26-18:51:57][thread 6284][info][makeupController.cpp:2037] debug++ SetParamTex called tex_eyeLash
[09/25/26-18:51:57][thread 6284][info][makeupController.cpp:2037] debug++ SetParamTex called tex_eyeLiner
[09/25/26-18:51:57][thread 6284][info][makeupController.cpp:2037] debug++ SetParamTex called tex_eye
[09/25/26-18:51:57][thread 6284][info][makeupController.cpp:2037] debug++ SetParamTex called tex_brow
[09/25/26-18:51:57][thread 6284][info][NamaContext.cpp:1534] created item name: dummy
[09/25/26-18:51:57][thread 6284][info][CNamaSDK.cpp:890] fuCreateItemFromPackage: handle = 6, item_name = 
[09/25/26-18:51:58][thread 6284][info][CNamaSDK.cpp:1030] fuDestroyItem: handle = 6
[09/25/26-18:51:58][thread 6284][warning][makeupController.cpp:2706] load texture failed!:eyepupil.png
[09/25/26-18:51:58][thread 6284][warning][makeupController.cpp:2706] load texture failed!:eyeliner.png
[09/25/26-18:51:58][thread 6284][warning][makeupController.cpp:2706] load texture failed!:eyelash.png
[09/25/26-18:51:58][thread 6284][warning][makeupController.cpp:2706] load texture failed!:brow.png
[09/25/26-18:51:58][thread 6284][warning][makeupController.cpp:2706] load texture failed!:eye.png
[09/25/26-18:51:58][thread 6284][warning][makeupController.cpp:2706] load texture failed!:eye2.png
[09/25/26-18:51:58][thread 6284][warning][makeupController.cpp:2706] load texture failed!:eye3.png
[09/25/26-18:51:58][thread 6284][warning][makeupController.cpp:2706] load texture failed!:eye4.png
[09/25/26-18:51:58][thread 6284][warning][makeupController.cpp:2706] load texture failed!:lip_top2.png
[09/25/26-18:51:58][thread 6284][warning][makeupController.cpp:2706] load texture failed!:zhuangrong_sh.png
[09/25/26-18:51:58][thread 6284][warning][makeupController.cpp:2706] load texture failed!:zhuangrong_sh2.png
[09/25/26-18:51:58][thread 6284][warning][makeupController.cpp:2706] load texture failed!:zhuangrong_fd.png
[09/25/26-18:51:58][thread 6284][warning][makeupController.cpp:2706] load texture failed!:zhuangrong_gg.png
[09/25/26-18:51:58][thread 6284][warning][makeupController.cpp:2706] load texture failed!:zhuangrong_yy.png
[09/25/26-18:51:58][thread 6284][warning][makeupController.cpp:2706] load texture failed!:lip_bz1.png
[09/25/26-18:51:58][thread 6284][warning][makeupController.cpp:2706] load texture failed!:gloss_lut.png
[09/25/26-18:51:58][thread 6284][info][NamaContext.cpp:1534] created item name: face_makeup
[09/25/26-18:51:58][thread 6284][info][CNamaSDK.cpp:890] fuCreateItemFromPackage: handle = 7, item_name = 
[09/25/26-18:51:58][thread 6284][info][CNamaSDK.cpp:1030] fuDestroyItem: handle = 7
[09/25/26-18:51:58][thread 6284][warning][makeupController.cpp:2706] load texture failed!:eyepupil.png
[09/25/26-18:51:58][thread 6284][warning][makeupController.cpp:2706] load texture failed!:eyeliner.png
[09/25/26-18:51:58][thread 6284][warning][makeupController.cpp:2706] load texture failed!:eyelash.png
[09/25/26-18:51:58][thread 6284][warning][makeupController.cpp:2706] load texture failed!:brow.png
[09/25/26-18:51:58][thread 6284][warning][makeupController.cpp:2706] load texture failed!:eye.png
[09/25/26-18:51:58][thread 6284][warning][makeupController.cpp:2706] load texture failed!:eye2.png
[09/25/26-18:51:58][thread 6284][warning][makeupController.cpp:2706] load texture failed!:eye3.png
[09/25/26-18:51:58][thread 6284][warning][makeupController.cpp:2706] load texture failed!:eye4.png
[09/25/26-18:51:58][thread 6284][warning][makeupController.cpp:2706] load texture failed!:lip_top2.png
[09/25/26-18:51:58][thread 6284][warning][makeupController.cpp:2706] load texture failed!:zhuangrong_sh.png
[09/25/26-18:51:58][thread 6284][warning][makeupController.cpp:2706] load texture failed!:zhuangrong_sh2.png
[09/25/26-18:51:58][thread 6284][warning][makeupController.cpp:2706] load texture failed!:zhuangrong_fd.png
[09/25/26-18:51:58][thread 6284][warning][makeupController.cpp:2706] load texture failed!:zhuangrong_gg.png
[09/25/26-18:51:58][thread 6284][warning][makeupController.cpp:2706] load texture failed!:zhuangrong_yy.png
[09/25/26-18:51:58][thread 6284][warning][makeupController.cpp:2706] load texture failed!:lip_bz1.png
[09/25/26-18:51:58][thread 6284][warning][makeupController.cpp:2706] load texture failed!:gloss_lut.png
[09/25/26-18:51:58][thread 6284][info][NamaContext.cpp:98] [js] liufei init stbline in
[09/25/26-18:51:58][thread 6284][info][NamaContext.cpp:98] [js] liufei statesArray init,len: 1
[09/25/26-18:51:58][thread 6284][info][NamaContext.cpp:98] [js] liufei init stbline ok
[09/25/26-18:51:58][thread 6284][info][NamaContext.cpp:98] [js] liufei init stbline in
[09/25/26-18:51:58][thread 6284][info][NamaContext.cpp:98] [js] liufei statesArray init,len: 1
[09/25/26-18:51:58][thread 6284][info][NamaContext.cpp:98] [js] liufei init stbline ok
[09/25/26-18:51:58][thread 6284][info][NamaContext.cpp:98] [js] liufei RegiterStb in
[09/25/26-18:51:58][thread 6284][info][makeupController.cpp:2037] debug++ SetParamTex called tex_lip_mask_zz
[09/25/26-18:51:58][thread 6284][info][makeupController.cpp:2037] debug++ SetParamTex called tex_blusher
[09/25/26-18:51:58][thread 6284][info][makeupController.cpp:2037] debug++ SetParamTex called tex_eyeLash
[09/25/26-18:51:58][thread 6284][info][makeupController.cpp:2037] debug++ SetParamTex called tex_eyeLiner
[09/25/26-18:51:58][thread 6284][info][makeupController.cpp:2037] debug++ SetParamTex called tex_eye
[09/25/26-18:51:58][thread 6284][info][makeupController.cpp:2037] debug++ SetParamTex called tex_brow
[09/25/26-18:51:58][thread 6284][info][NamaContext.cpp:1534] created item name: dummy
[09/25/26-18:51:58][thread 6284][info][CNamaSDK.cpp:890] fuCreateItemFromPackage: handle = 8, item_name = 
[09/25/26-18:52:00][thread 6284][info][CNamaSDK.cpp:1030] fuDestroyItem: handle = 8
[09/25/26-18:52:00][thread 6284][warning][makeupController.cpp:2706] load texture failed!:eyepupil.png
[09/25/26-18:52:00][thread 6284][warning][makeupController.cpp:2706] load texture failed!:eyeliner.png
[09/25/26-18:52:00][thread 6284][warning][makeupController.cpp:2706] load texture failed!:eyelash.png
[09/25/26-18:52:00][thread 6284][warning][makeupController.cpp:2706] load texture failed!:brow.png
[09/25/26-18:52:00][thread 6284][warning][makeupController.cpp:2706] load texture failed!:eye.png
[09/25/26-18:52:00][thread 6284][warning][makeupController.cpp:2706] load texture failed!:eye2.png
[09/25/26-18:52:00][thread 6284][warning][makeupController.cpp:2706] load texture failed!:eye3.png
[09/25/26-18:52:00][thread 6284][warning][makeupController.cpp:2706] load texture failed!:eye4.png
[09/25/26-18:52:00][thread 6284][warning][makeupController.cpp:2706] load texture failed!:lip_top2.png
[09/25/26-18:52:00][thread 6284][warning][makeupController.cpp:2706] load texture failed!:zhuangrong_sh.png
[09/25/26-18:52:00][thread 6284][warning][makeupController.cpp:2706] load texture failed!:zhuangrong_sh2.png
[09/25/26-18:52:00][thread 6284][warning][makeupController.cpp:2706] load texture failed!:zhuangrong_fd.png
[09/25/26-18:52:00][thread 6284][warning][makeupController.cpp:2706] load texture failed!:zhuangrong_gg.png
[09/25/26-18:52:00][thread 6284][warning][makeupController.cpp:2706] load texture failed!:zhuangrong_yy.png
[09/25/26-18:52:00][thread 6284][warning][makeupController.cpp:2706] load texture failed!:lip_bz1.png
[09/25/26-18:52:00][thread 6284][warning][makeupController.cpp:2706] load texture failed!:gloss_lut.png
[09/25/26-18:52:00][thread 6284][info][NamaContext.cpp:1534] created item name: face_makeup
[09/25/26-18:52:00][thread 6284][info][CNamaSDK.cpp:890] fuCreateItemFromPackage: handle = 9, item_name = 
[09/25/26-18:52:00][thread 6284][info][CNamaSDK.cpp:1030] fuDestroyItem: handle = 9
[09/25/26-18:52:00][thread 6284][warning][makeupController.cpp:2706] load texture failed!:eyepupil.png
[09/25/26-18:52:00][thread 6284][warning][makeupController.cpp:2706] load texture failed!:eyeliner.png
[09/25/26-18:52:00][thread 6284][warning][makeupController.cpp:2706] load texture failed!:eyelash.png
[09/25/26-18:52:00][thread 6284][warning][makeupController.cpp:2706] load texture failed!:brow.png
[09/25/26-18:52:00][thread 6284][warning][makeupController.cpp:2706] load texture failed!:eye.png
[09/25/26-18:52:00][thread 6284][warning][makeupController.cpp:2706] load texture failed!:eye2.png
[09/25/26-18:52:00][thread 6284][warning][makeupController.cpp:2706] load texture failed!:eye3.png
[09/25/26-18:52:00][thread 6284][warning][makeupController.cpp:2706] load texture failed!:eye4.png
[09/25/26-18:52:00][thread 6284][warning][makeupController.cpp:2706] load texture failed!:lip_top2.png
[09/25/26-18:52:00][thread 6284][warning][makeupController.cpp:2706] load texture failed!:zhuangrong_sh.png
[09/25/26-18:52:00][thread 6284][warning][makeupController.cpp:2706] load texture failed!:zhuangrong_sh2.png
[09/25/26-18:52:00][thread 6284][warning][makeupController.cpp:2706] load texture failed!:zhuangrong_fd.png
[09/25/26-18:52:00][thread 6284][warning][makeupController.cpp:2706] load texture failed!:zhuangrong_gg.png
[09/25/26-18:52:00][thread 6284][warning][makeupController.cpp:2706] load texture failed!:zhuangrong_yy.png
[09/25/26-18:52:00][thread 6284][warning][makeupController.cpp:2706] load texture failed!:lip_bz1.png
[09/25/26-18:52:00][thread 6284][warning][makeupController.cpp:2706] load texture failed!:gloss_lut.png
[09/25/26-18:52:00][thread 6284][info][NamaContext.cpp:98] [js] liufei init stbline in
[09/25/26-18:52:00][thread 6284][info][NamaContext.cpp:98] [js] liufei statesArray init,len: 1
[09/25/26-18:52:00][thread 6284][info][NamaContext.cpp:98] [js] liufei init stbline ok
[09/25/26-18:52:00][thread 6284][info][NamaContext.cpp:98] [js] liufei init stbline in
[09/25/26-18:52:00][thread 6284][info][NamaContext.cpp:98] [js] liufei statesArray init,len: 1
[09/25/26-18:52:00][thread 6284][info][NamaContext.cpp:98] [js] liufei init stbline ok
[09/25/26-18:52:00][thread 6284][info][NamaContext.cpp:98] [js] liufei RegiterStb in
[09/25/26-18:52:00][thread 6284][info][makeupController.cpp:2037] debug++ SetParamTex called tex_lip_mask_zz
[09/25/26-18:52:00][thread 6284][info][makeupController.cpp:2037] debug++ SetParamTex called tex_blusher
[09/25/26-18:52:00][thread 6284][info][makeupController.cpp:2037] debug++ SetParamTex called tex_eyeLash
[09/25/26-18:52:00][thread 6284][info][makeupController.cpp:2037] debug++ SetParamTex called tex_eyeLiner
[09/25/26-18:52:00][thread 6284][info][makeupController.cpp:2037] debug++ SetParamTex called tex_eye
[09/25/26-18:52:00][thread 6284][info][makeupController.cpp:2037] debug++ SetParamTex called tex_brow
[09/25/26-18:52:00][thread 6284][info][NamaContext.cpp:1534] created item name: dummy
[09/25/26-18:52:00][thread 6284][info][CNamaSDK.cpp:890] fuCreateItemFromPackage: handle = 10, item_name = 
[09/25/26-18:52:01][thread 6284][info][CNamaSDK.cpp:1030] fuDestroyItem: handle = 10
[09/25/26-18:52:01][thread 6284][warning][makeupController.cpp:2706] load texture failed!:eyepupil.png
[09/25/26-18:52:01][thread 6284][warning][makeupController.cpp:2706] load texture failed!:eyeliner.png
[09/25/26-18:52:01][thread 6284][warning][makeupController.cpp:2706] load texture failed!:eyelash.png
[09/25/26-18:52:01][thread 6284][warning][makeupController.cpp:2706] load texture failed!:brow.png
[09/25/26-18:52:01][thread 6284][warning][makeupController.cpp:2706] load texture failed!:eye.png
[09/25/26-18:52:01][thread 6284][warning][makeupController.cpp:2706] load texture failed!:eye2.png
[09/25/26-18:52:01][thread 6284][warning][makeupController.cpp:2706] load texture failed!:eye3.png
[09/25/26-18:52:01][thread 6284][warning][makeupController.cpp:2706] load texture failed!:eye4.png
[09/25/26-18:52:01][thread 6284][warning][makeupController.cpp:2706] load texture failed!:lip_top2.png
[09/25/26-18:52:01][thread 6284][warning][makeupController.cpp:2706] load texture failed!:zhuangrong_sh.png
[09/25/26-18:52:01][thread 6284][warning][makeupController.cpp:2706] load texture failed!:zhuangrong_sh2.png
[09/25/26-18:52:01][thread 6284][warning][makeupController.cpp:2706] load texture failed!:zhuangrong_fd.png
[09/25/26-18:52:01][thread 6284][warning][makeupController.cpp:2706] load texture failed!:zhuangrong_gg.png
[09/25/26-18:52:01][thread 6284][warning][makeupController.cpp:2706] load texture failed!:zhuangrong_yy.png
[09/25/26-18:52:01][thread 6284][warning][makeupController.cpp:2706] load texture failed!:lip_bz1.png
[09/25/26-18:52:01][thread 6284][warning][makeupController.cpp:2706] load texture failed!:gloss_lut.png
[09/25/26-18:52:01][thread 6284][info][NamaContext.cpp:1534] created item name: face_makeup
[09/25/26-18:52:01][thread 6284][info][CNamaSDK.cpp:890] fuCreateItemFromPackage: handle = 11, item_name = 
[09/25/26-18:52:03][thread 4868][info][GLLoader.cc:212] initialGLExtentions: glversion max = 4, min = 6
[09/25/26-18:52:09][thread 6284][info][CNamaSDK.cpp:1030] fuDestroyItem: handle = 11
[09/25/26-18:52:09][thread 6284][warning][makeupController.cpp:2706] load texture failed!:eyepupil.png
[09/25/26-18:52:09][thread 6284][warning][makeupController.cpp:2706] load texture failed!:eyeliner.png
[09/25/26-18:52:09][thread 6284][warning][makeupController.cpp:2706] load texture failed!:eyelash.png
[09/25/26-18:52:09][thread 6284][warning][makeupController.cpp:2706] load texture failed!:brow.png
[09/25/26-18:52:09][thread 6284][warning][makeupController.cpp:2706] load texture failed!:eye.png
[09/25/26-18:52:09][thread 6284][warning][makeupController.cpp:2706] load texture failed!:eye2.png
[09/25/26-18:52:09][thread 6284][warning][makeupController.cpp:2706] load texture failed!:eye3.png
[09/25/26-18:52:09][thread 6284][warning][makeupController.cpp:2706] load texture failed!:eye4.png
[09/25/26-18:52:09][thread 6284][warning][makeupController.cpp:2706] load texture failed!:zhuangrong_sh2.png
[09/25/26-18:52:09][thread 6284][warning][makeupController.cpp:2706] load texture failed!:zhuangrong_gg.png
[09/25/26-18:52:09][thread 6284][warning][makeupController.cpp:2706] load texture failed!:gloss_lut.png
[09/25/26-18:52:09][thread 6284][warning][makeupController.cpp:2706] load texture failed!:lip_bz_standard.png
[09/25/26-18:52:09][thread 6284][warning][makeupController.cpp:2706] load texture failed!:lip_zz_standard.png
[09/25/26-18:52:09][thread 6284][warning][makeupController.cpp:2706] load texture failed!:lip_bite_bz_standard.png
[09/25/26-18:52:09][thread 6284][warning][makeupController.cpp:2706] load texture failed!:lip_bite_zz_standard.png
[09/25/26-18:52:09][thread 6284][warning][makeupController.cpp:2706] load texture failed!:lip_highlight_bz_standard.png
[09/25/26-18:52:09][thread 6284][warning][makeupController.cpp:2706] load texture failed!:lip_highlight_zz_standard.png
[09/25/26-18:52:09][thread 6284][warning][makeupController.cpp:2706] load texture failed!:lip_bz2_standard.png
[09/25/26-18:52:09][thread 6284][warning][makeupController.cpp:2706] load texture failed!:eye_mask_standard.png
[09/25/26-18:52:09][thread 6284][info][NamaContext.cpp:98] [js] liufei init stbline in
[09/25/26-18:52:09][thread 6284][info][NamaContext.cpp:98] [js] liufei statesArray init,len: 1
[09/25/26-18:52:09][thread 6284][info][NamaContext.cpp:98] [js] liufei init stbline ok
[09/25/26-18:52:09][thread 6284][info][NamaContext.cpp:98] [js] liufei init stbline in
[09/25/26-18:52:09][thread 6284][info][NamaContext.cpp:98] [js] liufei statesArray init,len: 1
[09/25/26-18:52:09][thread 6284][info][NamaContext.cpp:98] [js] liufei init stbline ok
[09/25/26-18:52:09][thread 6284][info][NamaContext.cpp:98] [js] liufei RegiterStb in
[09/25/26-18:52:09][thread 6284][info][makeupController.cpp:2037] debug++ SetParamTex called tex_eyeLash
[09/25/26-18:52:09][thread 6284][info][makeupController.cpp:2037] debug++ SetParamTex called tex_brow
[09/25/26-18:52:09][thread 6284][info][makeupController.cpp:2037] debug++ SetParamTex called tex_eyeLiner
[09/25/26-18:52:09][thread 6284][info][makeupController.cpp:2037] debug++ SetParamTex called tex_eye
[09/25/26-18:52:09][thread 6284][info][makeupController.cpp:2037] debug++ SetParamTex called tex_lip_mask_zz
[09/25/26-18:52:09][thread 6284][info][makeupController.cpp:2037] debug++ SetParamTex called tex_lip_mask_bz
[09/25/26-18:52:09][thread 6284][info][makeupController.cpp:2037] debug++ SetParamTex called tex_blusher
[09/25/26-18:52:09][thread 6284][info][makeupController.cpp:2037] debug++ SetParamTex called tex_highlight
[09/25/26-18:52:09][thread 6284][info][makeupController.cpp:2037] debug++ SetParamTex called tex_foundation
[09/25/26-18:52:09][thread 6284][info][makeupController.cpp:2037] debug++ SetParamTex called tex_shadow
[09/25/26-18:52:09][thread 6284][info][makeupController.cpp:2037] debug++ SetParamTex called tex_pupil
[09/25/26-18:52:09][thread 6284][info][NamaContext.cpp:1534] created item name: guofeng
[09/25/26-18:52:09][thread 6284][info][CNamaSDK.cpp:890] fuCreateItemFromPackage: handle = 2, item_name = 
[09/25/26-18:52:09][thread 4868][info][NamaContext.cpp:98] [js] liufei show makeup: Group_1_25
[09/25/26-18:52:09][thread 4868][info][NamaContext.cpp:98] [js] liufei Do4SingleTrigger : NewFilter_1_365
[09/25/26-18:52:09][thread 4868][info][makeupController.cpp:2037] debug++ SetParamTex called tex_eyeLash
[09/25/26-18:52:09][thread 4868][info][makeupController.cpp:2037] debug++ SetParamTex called tex_brow
[09/25/26-18:52:09][thread 4868][info][makeupController.cpp:2037] debug++ SetParamTex called tex_eyeLiner
[09/25/26-18:52:09][thread 4868][info][makeupController.cpp:2037] debug++ SetParamTex called tex_eye
[09/25/26-18:52:09][thread 4868][info][makeupController.cpp:2037] debug++ SetParamTex called tex_lip_mask_zz
[09/25/26-18:52:09][thread 4868][info][makeupController.cpp:2037] debug++ SetParamTex called tex_lip_mask_bz
[09/25/26-18:52:09][thread 4868][info][makeupController.cpp:2037] debug++ SetParamTex called tex_blusher
[09/25/26-18:52:09][thread 4868][info][makeupController.cpp:2037] debug++ SetParamTex called tex_highlight
[09/25/26-18:52:09][thread 4868][info][makeupController.cpp:2037] debug++ SetParamTex called tex_foundation
[09/25/26-18:52:09][thread 4868][info][makeupController.cpp:2037] debug++ SetParamTex called tex_shadow
[09/25/26-18:52:09][thread 4868][info][makeupController.cpp:2037] debug++ SetParamTex called tex_pupil
[09/25/26-18:52:11][thread 6284][info][CNamaSDK.cpp:1030] fuDestroyItem: handle = 2
[09/25/26-18:52:12][thread 6284][warning][makeupController.cpp:2706] load texture failed!:eyepupil.png
[09/25/26-18:52:12][thread 6284][warning][makeupController.cpp:2706] load texture failed!:eyeliner.png
[09/25/26-18:52:12][thread 6284][warning][makeupController.cpp:2706] load texture failed!:eyelash.png
[09/25/26-18:52:12][thread 6284][warning][makeupController.cpp:2706] load texture failed!:brow.png
[09/25/26-18:52:12][thread 6284][warning][makeupController.cpp:2706] load texture failed!:eye.png
[09/25/26-18:52:12][thread 6284][warning][makeupController.cpp:2706] load texture failed!:eye2.png
[09/25/26-18:52:12][thread 6284][warning][makeupController.cpp:2706] load texture failed!:eye3.png
[09/25/26-18:52:12][thread 6284][warning][makeupController.cpp:2706] load texture failed!:eye4.png
[09/25/26-18:52:12][thread 6284][warning][makeupController.cpp:2706] load texture failed!:lip_top2.png
[09/25/26-18:52:12][thread 6284][warning][makeupController.cpp:2706] load texture failed!:zhuangrong_sh.png
[09/25/26-18:52:12][thread 6284][warning][makeupController.cpp:2706] load texture failed!:zhuangrong_sh2.png
[09/25/26-18:52:12][thread 6284][warning][makeupController.cpp:2706] load texture failed!:zhuangrong_fd.png
[09/25/26-18:52:12][thread 6284][warning][makeupController.cpp:2706] load texture failed!:zhuangrong_gg.png
[09/25/26-18:52:12][thread 6284][warning][makeupController.cpp:2706] load texture failed!:zhuangrong_yy.png
[09/25/26-18:52:12][thread 6284][warning][makeupController.cpp:2706] load texture failed!:lip_bz1.png
[09/25/26-18:52:12][thread 6284][warning][makeupController.cpp:2706] load texture failed!:gloss_lut.png
[09/25/26-18:52:12][thread 6284][info][NamaContext.cpp:98] [js] liufei init stbline in
[09/25/26-18:52:12][thread 6284][info][NamaContext.cpp:98] [js] liufei statesArray init,len: 1
[09/25/26-18:52:12][thread 6284][info][NamaContext.cpp:98] [js] liufei init stbline ok
[09/25/26-18:52:12][thread 6284][info][NamaContext.cpp:98] [js] liufei init stbline in
[09/25/26-18:52:12][thread 6284][info][NamaContext.cpp:98] [js] liufei statesArray init,len: 1
[09/25/26-18:52:12][thread 6284][info][NamaContext.cpp:98] [js] liufei init stbline ok
[09/25/26-18:52:12][thread 6284][info][NamaContext.cpp:98] [js] liufei RegiterStb in
[09/25/26-18:52:12][thread 6284][info][makeupController.cpp:2037] debug++ SetParamTex called tex_lip_mask_zz
[09/25/26-18:52:12][thread 6284][info][makeupController.cpp:2037] debug++ SetParamTex called tex_blusher
[09/25/26-18:52:12][thread 6284][info][makeupController.cpp:2037] debug++ SetParamTex called tex_eyeLash
[09/25/26-18:52:12][thread 6284][info][makeupController.cpp:2037] debug++ SetParamTex called tex_eyeLiner
[09/25/26-18:52:12][thread 6284][info][makeupController.cpp:2037] debug++ SetParamTex called tex_eye
[09/25/26-18:52:12][thread 6284][info][makeupController.cpp:2037] debug++ SetParamTex called tex_brow
[09/25/26-18:52:12][thread 6284][info][NamaContext.cpp:1534] created item name: dummy
[09/25/26-18:52:12][thread 6284][info][CNamaSDK.cpp:890] fuCreateItemFromPackage: handle = 2, item_name = 
[09/25/26-18:52:12][thread 4868][info][NamaContext.cpp:98] [js] liufei show makeup: Group_1_13
[09/25/26-18:52:12][thread 4868][info][makeupController.cpp:2037] debug++ SetParamTex called tex_lip_mask_zz
[09/25/26-18:52:12][thread 4868][info][makeupController.cpp:2037] debug++ SetParamTex called tex_blusher
[09/25/26-18:52:12][thread 4868][info][makeupController.cpp:2037] debug++ SetParamTex called tex_eyeLash
[09/25/26-18:52:12][thread 4868][info][makeupController.cpp:2037] debug++ SetParamTex called tex_eyeLiner
[09/25/26-18:52:12][thread 4868][info][makeupController.cpp:2037] debug++ SetParamTex called tex_eye
[09/25/26-18:52:12][thread 4868][info][makeupController.cpp:2037] debug++ SetParamTex called tex_brow
[09/25/26-18:52:17][thread 6284][info][CNamaSDK.cpp:1030] fuDestroyItem: handle = 2
[09/25/26-18:52:18][thread 6284][warning][makeupController.cpp:2706] load texture failed!:eyepupil.png
[09/25/26-18:52:18][thread 6284][warning][makeupController.cpp:2706] load texture failed!:eyeliner.png
[09/25/26-18:52:18][thread 6284][warning][makeupController.cpp:2706] load texture failed!:eyelash.png
[09/25/26-18:52:18][thread 6284][warning][makeupController.cpp:2706] load texture failed!:brow.png
[09/25/26-18:52:18][thread 6284][warning][makeupController.cpp:2706] load texture failed!:eye.png
[09/25/26-18:52:18][thread 6284][warning][makeupController.cpp:2706] load texture failed!:eye2.png
[09/25/26-18:52:18][thread 6284][warning][makeupController.cpp:2706] load texture failed!:eye3.png
[09/25/26-18:52:18][thread 6284][warning][makeupController.cpp:2706] load texture failed!:eye4.png
[09/25/26-18:52:18][thread 6284][warning][makeupController.cpp:2706] load texture failed!:lip_top2.png
[09/25/26-18:52:18][thread 6284][warning][makeupController.cpp:2706] load texture failed!:zhuangrong_sh.png
[09/25/26-18:52:18][thread 6284][warning][makeupController.cpp:2706] load texture failed!:zhuangrong_sh2.png
[09/25/26-18:52:18][thread 6284][warning][makeupController.cpp:2706] load texture failed!:zhuangrong_fd.png
[09/25/26-18:52:18][thread 6284][warning][makeupController.cpp:2706] load texture failed!:zhuangrong_gg.png
[09/25/26-18:52:18][thread 6284][warning][makeupController.cpp:2706] load texture failed!:zhuangrong_yy.png
[09/25/26-18:52:18][thread 6284][warning][makeupController.cpp:2706] load texture failed!:lip_bz1.png
[09/25/26-18:52:18][thread 6284][warning][makeupController.cpp:2706] load texture failed!:gloss_lut.png
[09/25/26-18:52:18][thread 6284][info][NamaContext.cpp:98] [js] liufei init stbline in
[09/25/26-18:52:18][thread 6284][info][NamaContext.cpp:98] [js] liufei statesArray init,len: 1
[09/25/26-18:52:18][thread 6284][info][NamaContext.cpp:98] [js] liufei init stbline ok
[09/25/26-18:52:18][thread 6284][info][NamaContext.cpp:98] [js] liufei init stbline in
[09/25/26-18:52:18][thread 6284][info][NamaContext.cpp:98] [js] liufei statesArray init,len: 1
[09/25/26-18:52:18][thread 6284][info][NamaContext.cpp:98] [js] liufei init stbline ok
[09/25/26-18:52:18][thread 6284][info][NamaContext.cpp:98] [js] liufei RegiterStb in
[09/25/26-18:52:18][thread 6284][info][makeupController.cpp:2037] debug++ SetParamTex called tex_lip_mask_zz
[09/25/26-18:52:18][thread 6284][info][makeupController.cpp:2037] debug++ SetParamTex called tex_blusher
[09/25/26-18:52:18][thread 6284][info][makeupController.cpp:2037] debug++ SetParamTex called tex_eyeLash
[09/25/26-18:52:18][thread 6284][info][makeupController.cpp:2037] debug++ SetParamTex called tex_eyeLiner
[09/25/26-18:52:18][thread 6284][info][makeupController.cpp:2037] debug++ SetParamTex called tex_eye
[09/25/26-18:52:18][thread 6284][info][makeupController.cpp:2037] debug++ SetParamTex called tex_brow
[09/25/26-18:52:18][thread 6284][info][makeupController.cpp:2037] debug++ SetParamTex called tex_pupil
[09/25/26-18:52:18][thread 6284][info][makeupController.cpp:2037] debug++ SetParamTex called tex_shadow
[09/25/26-18:52:18][thread 6284][info][makeupController.cpp:2037] debug++ SetParamTex called tex_foundation
[09/25/26-18:52:18][thread 6284][info][makeupController.cpp:2037] debug++ SetParamTex called tex_highlight
[09/25/26-18:52:18][thread 6284][info][NamaContext.cpp:1534] created item name: dummy
[09/25/26-18:52:18][thread 6284][info][CNamaSDK.cpp:890] fuCreateItemFromPackage: handle = 2, item_name = 
[09/25/26-18:52:18][thread 4868][info][NamaContext.cpp:98] [js] liufei show makeup: Group_1_13
[09/25/26-18:52:18][thread 4868][info][makeupController.cpp:2037] debug++ SetParamTex called tex_lip_mask_zz
[09/25/26-18:52:18][thread 4868][info][makeupController.cpp:2037] debug++ SetParamTex called tex_blusher
[09/25/26-18:52:18][thread 4868][info][makeupController.cpp:2037] debug++ SetParamTex called tex_eyeLash
[09/25/26-18:52:18][thread 4868][info][makeupController.cpp:2037] debug++ SetParamTex called tex_eyeLiner
[09/25/26-18:52:18][thread 4868][info][makeupController.cpp:2037] debug++ SetParamTex called tex_eye
[09/25/26-18:52:18][thread 4868][info][makeupController.cpp:2037] debug++ SetParamTex called tex_brow
[09/25/26-18:52:18][thread 4868][info][makeupController.cpp:2037] debug++ SetParamTex called tex_pupil
[09/25/26-18:52:18][thread 4868][info][makeupController.cpp:2037] debug++ SetParamTex called tex_shadow
[09/25/26-18:52:18][thread 4868][info][makeupController.cpp:2037] debug++ SetParamTex called tex_foundation
[09/25/26-18:52:18][thread 4868][info][makeupController.cpp:2037] debug++ SetParamTex called tex_highlight
[09/25/26-18:52:21][thread 6284][info][CNamaSDK.cpp:1030] fuDestroyItem: handle = 2
[09/25/26-18:52:22][thread 6284][warning][makeupController.cpp:2706] load texture failed!:eyepupil.png
[09/25/26-18:52:22][thread 6284][warning][makeupController.cpp:2706] load texture failed!:eyeliner.png
[09/25/26-18:52:22][thread 6284][warning][makeupController.cpp:2706] load texture failed!:eyelash.png
[09/25/26-18:52:22][thread 6284][warning][makeupController.cpp:2706] load texture failed!:brow.png
[09/25/26-18:52:22][thread 6284][warning][makeupController.cpp:2706] load texture failed!:eye.png
[09/25/26-18:52:22][thread 6284][warning][makeupController.cpp:2706] load texture failed!:eye2.png
[09/25/26-18:52:22][thread 6284][warning][makeupController.cpp:2706] load texture failed!:eye3.png
[09/25/26-18:52:22][thread 6284][warning][makeupController.cpp:2706] load texture failed!:eye4.png
[09/25/26-18:52:22][thread 6284][warning][makeupController.cpp:2706] load texture failed!:lip_top2.png
[09/25/26-18:52:22][thread 6284][warning][makeupController.cpp:2706] load texture failed!:zhuangrong_sh.png
[09/25/26-18:52:22][thread 6284][warning][makeupController.cpp:2706] load texture failed!:zhuangrong_sh2.png
[09/25/26-18:52:22][thread 6284][warning][makeupController.cpp:2706] load texture failed!:zhuangrong_fd.png
[09/25/26-18:52:22][thread 6284][warning][makeupController.cpp:2706] load texture failed!:zhuangrong_gg.png
[09/25/26-18:52:22][thread 6284][warning][makeupController.cpp:2706] load texture failed!:zhuangrong_yy.png
[09/25/26-18:52:22][thread 6284][warning][makeupController.cpp:2706] load texture failed!:lip_bz1.png
[09/25/26-18:52:22][thread 6284][warning][makeupController.cpp:2706] load texture failed!:gloss_lut.png
[09/25/26-18:52:22][thread 6284][info][NamaContext.cpp:98] [js] liufei init stbline in
[09/25/26-18:52:22][thread 6284][info][NamaContext.cpp:98] [js] liufei statesArray init,len: 1
[09/25/26-18:52:22][thread 6284][info][NamaContext.cpp:98] [js] liufei init stbline ok
[09/25/26-18:52:22][thread 6284][info][NamaContext.cpp:98] [js] liufei init stbline in
[09/25/26-18:52:22][thread 6284][info][NamaContext.cpp:98] [js] liufei statesArray init,len: 1
[09/25/26-18:52:22][thread 6284][info][NamaContext.cpp:98] [js] liufei init stbline ok
[09/25/26-18:52:22][thread 6284][info][NamaContext.cpp:98] [js] liufei RegiterStb in
[09/25/26-18:52:22][thread 6284][info][makeupController.cpp:2037] debug++ SetParamTex called tex_lip_mask_zz
[09/25/26-18:52:22][thread 6284][info][makeupController.cpp:2037] debug++ SetParamTex called tex_blusher
[09/25/26-18:52:22][thread 6284][info][makeupController.cpp:2037] debug++ SetParamTex called tex_eyeLash
[09/25/26-18:52:22][thread 6284][info][makeupController.cpp:2037] debug++ SetParamTex called tex_eyeLiner
[09/25/26-18:52:22][thread 6284][info][makeupController.cpp:2037] debug++ SetParamTex called tex_eye
[09/25/26-18:52:22][thread 6284][info][makeupController.cpp:2037] debug++ SetParamTex called tex_brow
[09/25/26-18:52:22][thread 6284][info][NamaContext.cpp:1534] created item name: dummy
[09/25/26-18:52:22][thread 6284][info][CNamaSDK.cpp:890] fuCreateItemFromPackage: handle = 2, item_name = 
[09/25/26-18:52:22][thread 4868][info][NamaContext.cpp:98] [js] liufei show makeup: Group_1_13
[09/25/26-18:52:22][thread 4868][info][makeupController.cpp:2037] debug++ SetParamTex called tex_lip_mask_zz
[09/25/26-18:52:22][thread 4868][info][makeupController.cpp:2037] debug++ SetParamTex called tex_blusher
[09/25/26-18:52:22][thread 4868][info][makeupController.cpp:2037] debug++ SetParamTex called tex_eyeLash
[09/25/26-18:52:22][thread 4868][info][makeupController.cpp:2037] debug++ SetParamTex called tex_eyeLiner
[09/25/26-18:52:22][thread 4868][info][makeupController.cpp:2037] debug++ SetParamTex called tex_eye
[09/25/26-18:52:22][thread 4868][info][makeupController.cpp:2037] debug++ SetParamTex called tex_brow
[09/25/26-18:52:23][thread 6284][info][CNamaSDK.cpp:1030] fuDestroyItem: handle = 2
[09/25/26-18:52:23][thread 6284][warning][makeupController.cpp:2706] load texture failed!:eyepupil.png
[09/25/26-18:52:23][thread 6284][warning][makeupController.cpp:2706] load texture failed!:eyeliner.png
[09/25/26-18:52:23][thread 6284][warning][makeupController.cpp:2706] load texture failed!:eyelash.png
[09/25/26-18:52:23][thread 6284][warning][makeupController.cpp:2706] load texture failed!:brow.png
[09/25/26-18:52:23][thread 6284][warning][makeupController.cpp:2706] load texture failed!:eye.png
[09/25/26-18:52:23][thread 6284][warning][makeupController.cpp:2706] load texture failed!:eye2.png
[09/25/26-18:52:23][thread 6284][warning][makeupController.cpp:2706] load texture failed!:eye3.png
[09/25/26-18:52:23][thread 6284][warning][makeupController.cpp:2706] load texture failed!:eye4.png
[09/25/26-18:52:23][thread 6284][warning][makeupController.cpp:2706] load texture failed!:lip_top2.png
[09/25/26-18:52:23][thread 6284][warning][makeupController.cpp:2706] load texture failed!:zhuangrong_sh.png
[09/25/26-18:52:23][thread 6284][warning][makeupController.cpp:2706] load texture failed!:zhuangrong_sh2.png
[09/25/26-18:52:23][thread 6284][warning][makeupController.cpp:2706] load texture failed!:zhuangrong_fd.png
[09/25/26-18:52:23][thread 6284][warning][makeupController.cpp:2706] load texture failed!:zhuangrong_gg.png
[09/25/26-18:52:23][thread 6284][warning][makeupController.cpp:2706] load texture failed!:zhuangrong_yy.png
[09/25/26-18:52:23][thread 6284][warning][makeupController.cpp:2706] load texture failed!:lip_bz1.png
[09/25/26-18:52:23][thread 6284][warning][makeupController.cpp:2706] load texture failed!:gloss_lut.png
[09/25/26-18:52:23][thread 6284][info][NamaContext.cpp:1534] created item name: face_makeup
[09/25/26-18:52:23][thread 6284][info][CNamaSDK.cpp:890] fuCreateItemFromPackage: handle = 2, item_name = 
[09/25/26-18:52:32][thread 6284][info][CNamaSDK.cpp:1030] fuDestroyItem: handle = 2
[09/25/26-18:52:32][thread 6284][warning][makeupController.cpp:2706] load texture failed!:eyepupil.png
[09/25/26-18:52:32][thread 6284][warning][makeupController.cpp:2706] load texture failed!:eyeliner.png
[09/25/26-18:52:32][thread 6284][warning][makeupController.cpp:2706] load texture failed!:eyelash.png
[09/25/26-18:52:32][thread 6284][warning][makeupController.cpp:2706] load texture failed!:brow.png
[09/25/26-18:52:32][thread 6284][warning][makeupController.cpp:2706] load texture failed!:eye.png
[09/25/26-18:52:32][thread 6284][warning][makeupController.cpp:2706] load texture failed!:eye2.png
[09/25/26-18:52:32][thread 6284][warning][makeupController.cpp:2706] load texture failed!:eye3.png
[09/25/26-18:52:32][thread 6284][warning][makeupController.cpp:2706] load texture failed!:eye4.png
[09/25/26-18:52:32][thread 6284][warning][makeupController.cpp:2706] load texture failed!:lip_top2.png
[09/25/26-18:52:32][thread 6284][warning][makeupController.cpp:2706] load texture failed!:zhuangrong_sh.png
[09/25/26-18:52:32][thread 6284][warning][makeupController.cpp:2706] load texture failed!:zhuangrong_sh2.png
[09/25/26-18:52:32][thread 6284][warning][makeupController.cpp:2706] load texture failed!:zhuangrong_fd.png
[09/25/26-18:52:32][thread 6284][warning][makeupController.cpp:2706] load texture failed!:zhuangrong_gg.png
[09/25/26-18:52:32][thread 6284][warning][makeupController.cpp:2706] load texture failed!:zhuangrong_yy.png
[09/25/26-18:52:32][thread 6284][warning][makeupController.cpp:2706] load texture failed!:lip_bz1.png
[09/25/26-18:52:32][thread 6284][warning][makeupController.cpp:2706] load texture failed!:gloss_lut.png
[09/25/26-18:52:32][thread 6284][info][NamaContext.cpp:1534] created item name: face_makeup
[09/25/26-18:52:32][thread 6284][info][CNamaSDK.cpp:890] fuCreateItemFromPackage: handle = 2, item_name = 
[09/25/26-18:52:32][thread 6284][info][NamaContext.cpp:1534] created item name: yaochun
[09/25/26-18:52:32][thread 6284][info][CNamaSDK.cpp:890] fuCreateItemFromPackage: handle = 4, item_name = 
[09/25/26-18:52:32][thread 6284][info][makeupController.cpp:2037] debug++ SetParamTex called tex_lip_mask_bite_zz
[09/25/26-18:52:32][thread 6284][info][makeupController.cpp:2037] debug++ SetParamTex called tex_lip_mask_bite_bz
[09/25/26-18:52:52][thread 6284][info][makeupController.cpp:2037] debug++ SetParamTex called tex_lip_mask_bite_zz
[09/25/26-18:52:52][thread 6284][info][makeupController.cpp:2037] debug++ SetParamTex called tex_lip_mask_bite_bz
[09/25/26-18:52:52][thread 6284][info][CNamaSDK.cpp:1030] fuDestroyItem: handle = 4
[09/25/26-18:52:52][thread 6284][info][CNamaSDK.cpp:1030] fuDestroyItem: handle = 2
[09/25/26-18:52:52][thread 6284][warning][makeupController.cpp:2706] load texture failed!:eyepupil.png
[09/25/26-18:52:52][thread 6284][warning][makeupController.cpp:2706] load texture failed!:eyeliner.png
[09/25/26-18:52:52][thread 6284][warning][makeupController.cpp:2706] load texture failed!:eyelash.png
[09/25/26-18:52:52][thread 6284][warning][makeupController.cpp:2706] load texture failed!:brow.png
[09/25/26-18:52:52][thread 6284][warning][makeupController.cpp:2706] load texture failed!:eye.png
[09/25/26-18:52:52][thread 6284][warning][makeupController.cpp:2706] load texture failed!:eye2.png
[09/25/26-18:52:52][thread 6284][warning][makeupController.cpp:2706] load texture failed!:eye3.png
[09/25/26-18:52:52][thread 6284][warning][makeupController.cpp:2706] load texture failed!:eye4.png
[09/25/26-18:52:52][thread 6284][warning][makeupController.cpp:2706] load texture failed!:lip_top2.png
[09/25/26-18:52:52][thread 6284][warning][makeupController.cpp:2706] load texture failed!:zhuangrong_sh.png
[09/25/26-18:52:52][thread 6284][warning][makeupController.cpp:2706] load texture failed!:zhuangrong_sh2.png
[09/25/26-18:52:52][thread 6284][warning][makeupController.cpp:2706] load texture failed!:zhuangrong_fd.png
[09/25/26-18:52:52][thread 6284][warning][makeupController.cpp:2706] load texture failed!:zhuangrong_gg.png
[09/25/26-18:52:52][thread 6284][warning][makeupController.cpp:2706] load texture failed!:zhuangrong_yy.png
[09/25/26-18:52:52][thread 6284][warning][makeupController.cpp:2706] load texture failed!:lip_bz1.png
[09/25/26-18:52:52][thread 6284][warning][makeupController.cpp:2706] load texture failed!:gloss_lut.png
[09/25/26-18:52:52][thread 6284][info][NamaContext.cpp:1534] created item name: face_makeup
[09/25/26-18:52:52][thread 6284][info][CNamaSDK.cpp:890] fuCreateItemFromPackage: handle = 2, item_name = 
[09/25/26-18:52:52][thread 6284][info][NamaContext.cpp:1534] created item name: yaochun
[09/25/26-18:52:52][thread 6284][info][CNamaSDK.cpp:890] fuCreateItemFromPackage: handle = 4, item_name = 
[09/25/26-18:52:52][thread 6284][info][makeupController.cpp:2037] debug++ SetParamTex called tex_lip_mask_bite_zz
[09/25/26-18:52:52][thread 6284][info][makeupController.cpp:2037] debug++ SetParamTex called tex_lip_mask_bite_bz
[09/25/26-18:52:52][thread 6284][info][NamaContext.cpp:1534] created item name: makeup_info
[09/25/26-18:52:52][thread 6284][info][CNamaSDK.cpp:890] fuCreateItemFromPackage: handle = 5, item_name = 
[09/25/26-18:52:52][thread 6284][info][makeupController.cpp:2037] debug++ SetParamTex called tex_eyeLiner
[09/25/26-18:52:54][thread 6284][info][makeupController.cpp:2037] debug++ SetParamTex called tex_lip_mask_bite_zz
[09/25/26-18:52:54][thread 6284][info][makeupController.cpp:2037] debug++ SetParamTex called tex_lip_mask_bite_bz
[09/25/26-18:52:54][thread 6284][info][CNamaSDK.cpp:1030] fuDestroyItem: handle = 4
[09/25/26-18:52:54][thread 6284][info][makeupController.cpp:2037] debug++ SetParamTex called tex_eyeLiner
[09/25/26-18:52:54][thread 6284][info][CNamaSDK.cpp:1030] fuDestroyItem: handle = 5
[09/25/26-18:52:54][thread 6284][info][CNamaSDK.cpp:1030] fuDestroyItem: handle = 2
[09/25/26-18:52:54][thread 6284][warning][makeupController.cpp:2706] load texture failed!:eyepupil.png
[09/25/26-18:52:54][thread 6284][warning][makeupController.cpp:2706] load texture failed!:eyeliner.png
[09/25/26-18:52:54][thread 6284][warning][makeupController.cpp:2706] load texture failed!:eyelash.png
[09/25/26-18:52:54][thread 6284][warning][makeupController.cpp:2706] load texture failed!:brow.png
[09/25/26-18:52:54][thread 6284][warning][makeupController.cpp:2706] load texture failed!:eye.png
[09/25/26-18:52:54][thread 6284][warning][makeupController.cpp:2706] load texture failed!:eye2.png
[09/25/26-18:52:54][thread 6284][warning][makeupController.cpp:2706] load texture failed!:eye3.png
[09/25/26-18:52:54][thread 6284][warning][makeupController.cpp:2706] load texture failed!:eye4.png
[09/25/26-18:52:54][thread 6284][warning][makeupController.cpp:2706] load texture failed!:lip_top2.png
[09/25/26-18:52:54][thread 6284][warning][makeupController.cpp:2706] load texture failed!:zhuangrong_sh.png
[09/25/26-18:52:54][thread 6284][warning][makeupController.cpp:2706] load texture failed!:zhuangrong_sh2.png
[09/25/26-18:52:54][thread 6284][warning][makeupController.cpp:2706] load texture failed!:zhuangrong_fd.png
[09/25/26-18:52:54][thread 6284][warning][makeupController.cpp:2706] load texture failed!:zhuangrong_gg.png
[09/25/26-18:52:54][thread 6284][warning][makeupController.cpp:2706] load texture failed!:zhuangrong_yy.png
[09/25/26-18:52:54][thread 6284][warning][makeupController.cpp:2706] load texture failed!:lip_bz1.png
[09/25/26-18:52:54][thread 6284][warning][makeupController.cpp:2706] load texture failed!:gloss_lut.png
[09/25/26-18:52:54][thread 6284][info][NamaContext.cpp:1534] created item name: face_makeup
[09/25/26-18:52:54][thread 6284][info][CNamaSDK.cpp:890] fuCreateItemFromPackage: handle = 2, item_name = 
[09/25/26-18:52:54][thread 6284][info][NamaContext.cpp:1534] created item name: yaochun
[09/25/26-18:52:54][thread 6284][info][CNamaSDK.cpp:890] fuCreateItemFromPackage: handle = 4, item_name = 
[09/25/26-18:52:54][thread 6284][info][makeupController.cpp:2037] debug++ SetParamTex called tex_lip_mask_bite_zz
[09/25/26-18:52:54][thread 6284][info][makeupController.cpp:2037] debug++ SetParamTex called tex_lip_mask_bite_bz
[09/25/26-18:53:00][thread 6284][info][makeupController.cpp:2037] debug++ SetParamTex called tex_lip_mask_bite_zz
[09/25/26-18:53:00][thread 6284][info][makeupController.cpp:2037] debug++ SetParamTex called tex_lip_mask_bite_bz
[09/25/26-18:53:00][thread 6284][info][CNamaSDK.cpp:1030] fuDestroyItem: handle = 4
[09/25/26-18:53:00][thread 6284][info][CNamaSDK.cpp:1030] fuDestroyItem: handle = 2
[09/25/26-18:53:00][thread 6284][warning][makeupController.cpp:2706] load texture failed!:eyepupil.png
[09/25/26-18:53:00][thread 6284][warning][makeupController.cpp:2706] load texture failed!:eyeliner.png
[09/25/26-18:53:00][thread 6284][warning][makeupController.cpp:2706] load texture failed!:eyelash.png
[09/25/26-18:53:00][thread 6284][warning][makeupController.cpp:2706] load texture failed!:brow.png
[09/25/26-18:53:00][thread 6284][warning][makeupController.cpp:2706] load texture failed!:eye.png
[09/25/26-18:53:00][thread 6284][warning][makeupController.cpp:2706] load texture failed!:eye2.png
[09/25/26-18:53:00][thread 6284][warning][makeupController.cpp:2706] load texture failed!:eye3.png
[09/25/26-18:53:00][thread 6284][warning][makeupController.cpp:2706] load texture failed!:eye4.png
[09/25/26-18:53:00][thread 6284][warning][makeupController.cpp:2706] load texture failed!:lip_top2.png
[09/25/26-18:53:00][thread 6284][warning][makeupController.cpp:2706] load texture failed!:zhuangrong_sh.png
[09/25/26-18:53:00][thread 6284][warning][makeupController.cpp:2706] load texture failed!:zhuangrong_sh2.png
[09/25/26-18:53:00][thread 6284][warning][makeupController.cpp:2706] load texture failed!:zhuangrong_fd.png
[09/25/26-18:53:00][thread 6284][warning][makeupController.cpp:2706] load texture failed!:zhuangrong_gg.png
[09/25/26-18:53:00][thread 6284][warning][makeupController.cpp:2706] load texture failed!:zhuangrong_yy.png
[09/25/26-18:53:00][thread 6284][warning][makeupController.cpp:2706] load texture failed!:lip_bz1.png
[09/25/26-18:53:00][thread 6284][warning][makeupController.cpp:2706] load texture failed!:gloss_lut.png
[09/25/26-18:53:00][thread 6284][info][NamaContext.cpp:1534] created item name: face_makeup
[09/25/26-18:53:00][thread 6284][info][CNamaSDK.cpp:890] fuCreateItemFromPackage: handle = 2, item_name = 
[09/25/26-18:53:00][thread 6284][info][NamaContext.cpp:1534] created item name: yaochun
[09/25/26-18:53:00][thread 6284][info][CNamaSDK.cpp:890] fuCreateItemFromPackage: handle = 4, item_name = 
[09/25/26-18:53:00][thread 6284][info][makeupController.cpp:2037] debug++ SetParamTex called tex_lip_mask_bite_zz
[09/25/26-18:53:00][thread 6284][info][makeupController.cpp:2037] debug++ SetParamTex called tex_lip_mask_bite_bz
[09/25/26-18:53:00][thread 6284][info][NamaContext.cpp:1534] created item name: makeup_info
[09/25/26-18:53:00][thread 6284][info][CNamaSDK.cpp:890] fuCreateItemFromPackage: handle = 5, item_name = 
[09/25/26-18:53:00][thread 6284][info][makeupController.cpp:2037] debug++ SetParamTex called tex_highlight
[09/25/26-18:53:06][thread 6284][info][makeupController.cpp:2037] debug++ SetParamTex called tex_lip_mask_bite_zz
[09/25/26-18:53:06][thread 6284][info][makeupController.cpp:2037] debug++ SetParamTex called tex_lip_mask_bite_bz
[09/25/26-18:53:06][thread 6284][info][CNamaSDK.cpp:1030] fuDestroyItem: handle = 4
[09/25/26-18:53:06][thread 6284][info][makeupController.cpp:2037] debug++ SetParamTex called tex_highlight
[09/25/26-18:53:06][thread 6284][info][CNamaSDK.cpp:1030] fuDestroyItem: handle = 5
[09/25/26-18:53:06][thread 6284][info][CNamaSDK.cpp:1030] fuDestroyItem: handle = 2
[09/25/26-18:53:06][thread 6284][warning][makeupController.cpp:2706] load texture failed!:eyepupil.png
[09/25/26-18:53:06][thread 6284][warning][makeupController.cpp:2706] load texture failed!:eyeliner.png
[09/25/26-18:53:06][thread 6284][warning][makeupController.cpp:2706] load texture failed!:eyelash.png
[09/25/26-18:53:06][thread 6284][warning][makeupController.cpp:2706] load texture failed!:brow.png
[09/25/26-18:53:06][thread 6284][warning][makeupController.cpp:2706] load texture failed!:eye.png
[09/25/26-18:53:06][thread 6284][warning][makeupController.cpp:2706] load texture failed!:eye2.png
[09/25/26-18:53:06][thread 6284][warning][makeupController.cpp:2706] load texture failed!:eye3.png
[09/25/26-18:53:06][thread 6284][warning][makeupController.cpp:2706] load texture failed!:eye4.png
[09/25/26-18:53:06][thread 6284][warning][makeupController.cpp:2706] load texture failed!:lip_top2.png
[09/25/26-18:53:06][thread 6284][warning][makeupController.cpp:2706] load texture failed!:zhuangrong_sh.png
[09/25/26-18:53:06][thread 6284][warning][makeupController.cpp:2706] load texture failed!:zhuangrong_sh2.png
[09/25/26-18:53:06][thread 6284][warning][makeupController.cpp:2706] load texture failed!:zhuangrong_fd.png
[09/25/26-18:53:06][thread 6284][warning][makeupController.cpp:2706] load texture failed!:zhuangrong_gg.png
[09/25/26-18:53:06][thread 6284][warning][makeupController.cpp:2706] load texture failed!:zhuangrong_yy.png
[09/25/26-18:53:06][thread 6284][warning][makeupController.cpp:2706] load texture failed!:lip_bz1.png
[09/25/26-18:53:06][thread 6284][warning][makeupController.cpp:2706] load texture failed!:gloss_lut.png
[09/25/26-18:53:06][thread 6284][info][NamaContext.cpp:1534] created item name: face_makeup
[09/25/26-18:53:06][thread 6284][info][CNamaSDK.cpp:890] fuCreateItemFromPackage: handle = 2, item_name = 
[09/25/26-18:53:06][thread 6284][info][NamaContext.cpp:1534] created item name: makeup_info
[09/25/26-18:53:06][thread 6284][info][CNamaSDK.cpp:890] fuCreateItemFromPackage: handle = 4, item_name = 
[09/25/26-18:53:06][thread 6284][info][makeupController.cpp:2037] debug++ SetParamTex called tex_shadow
[09/25/26-18:53:06][thread 6284][info][NamaContext.cpp:1534] created item name: yaochun
[09/25/26-18:53:06][thread 6284][info][CNamaSDK.cpp:890] fuCreateItemFromPackage: handle = 5, item_name = 
[09/25/26-18:53:06][thread 6284][info][makeupController.cpp:2037] debug++ SetParamTex called tex_lip_mask_bite_zz
[09/25/26-18:53:06][thread 6284][info][makeupController.cpp:2037] debug++ SetParamTex called tex_lip_mask_bite_bz
[09/25/26-18:53:06][thread 6284][info][NamaContext.cpp:1534] created item name: makeup_info
[09/25/26-18:53:06][thread 6284][info][CNamaSDK.cpp:890] fuCreateItemFromPackage: handle = 6, item_name = 
[09/25/26-18:53:06][thread 6284][info][makeupController.cpp:2037] debug++ SetParamTex called tex_highlight
[09/25/26-18:54:43][thread 6284][info][NamaContext.cpp:1534] created item name: new_greensegment_fucreator_1.0.5_release
[09/25/26-18:54:43][thread 6284][info][CNamaSDK.cpp:890] fuCreateItemFromPackage: handle = 7, item_name = 
[09/25/26-18:54:43][thread 6284][info][makeupController.cpp:2037] debug++ SetParamTex called tex_shadow
[09/25/26-18:54:43][thread 6284][info][CNamaSDK.cpp:1030] fuDestroyItem: handle = 4
[09/25/26-18:54:43][thread 6284][info][makeupController.cpp:2037] debug++ SetParamTex called tex_lip_mask_bite_zz
[09/25/26-18:54:43][thread 6284][info][makeupController.cpp:2037] debug++ SetParamTex called tex_lip_mask_bite_bz
[09/25/26-18:54:43][thread 6284][info][CNamaSDK.cpp:1030] fuDestroyItem: handle = 5
[09/25/26-18:54:43][thread 6284][info][makeupController.cpp:2037] debug++ SetParamTex called tex_highlight
[09/25/26-18:54:43][thread 6284][info][CNamaSDK.cpp:1030] fuDestroyItem: handle = 6
[09/25/26-18:54:43][thread 6284][info][CNamaSDK.cpp:1030] fuDestroyItem: handle = 2
[09/25/26-18:54:43][thread 6284][warning][makeupController.cpp:2706] load texture failed!:eyepupil.png
[09/25/26-18:54:43][thread 6284][warning][makeupController.cpp:2706] load texture failed!:eyeliner.png
[09/25/26-18:54:43][thread 6284][warning][makeupController.cpp:2706] load texture failed!:eyelash.png
[09/25/26-18:54:43][thread 6284][warning][makeupController.cpp:2706] load texture failed!:brow.png
[09/25/26-18:54:43][thread 6284][warning][makeupController.cpp:2706] load texture failed!:eye.png
[09/25/26-18:54:43][thread 6284][warning][makeupController.cpp:2706] load texture failed!:eye2.png
[09/25/26-18:54:43][thread 6284][warning][makeupController.cpp:2706] load texture failed!:eye3.png
[09/25/26-18:54:43][thread 6284][warning][makeupController.cpp:2706] load texture failed!:eye4.png
[09/25/26-18:54:43][thread 6284][warning][makeupController.cpp:2706] load texture failed!:lip_top2.png
[09/25/26-18:54:43][thread 6284][warning][makeupController.cpp:2706] load texture failed!:zhuangrong_sh.png
[09/25/26-18:54:43][thread 6284][warning][makeupController.cpp:2706] load texture failed!:zhuangrong_sh2.png
[09/25/26-18:54:43][thread 6284][warning][makeupController.cpp:2706] load texture failed!:zhuangrong_fd.png
[09/25/26-18:54:43][thread 6284][warning][makeupController.cpp:2706] load texture failed!:zhuangrong_gg.png
[09/25/26-18:54:43][thread 6284][warning][makeupController.cpp:2706] load texture failed!:zhuangrong_yy.png
[09/25/26-18:54:43][thread 6284][warning][makeupController.cpp:2706] load texture failed!:lip_bz1.png
[09/25/26-18:54:43][thread 6284][warning][makeupController.cpp:2706] load texture failed!:gloss_lut.png
[09/25/26-18:54:43][thread 6284][info][NamaContext.cpp:1534] created item name: face_makeup
[09/25/26-18:54:43][thread 6284][info][CNamaSDK.cpp:890] fuCreateItemFromPackage: handle = 2, item_name = 
[09/25/26-18:54:43][thread 6284][info][NamaContext.cpp:1534] created item name: makeup_info
[09/25/26-18:54:43][thread 6284][info][CNamaSDK.cpp:890] fuCreateItemFromPackage: handle = 4, item_name = 
[09/25/26-18:54:43][thread 6284][info][makeupController.cpp:2037] debug++ SetParamTex called tex_shadow
[09/25/26-18:54:43][thread 6284][info][NamaContext.cpp:1534] created item name: yaochun
[09/25/26-18:54:43][thread 6284][info][CNamaSDK.cpp:890] fuCreateItemFromPackage: handle = 5, item_name = 
[09/25/26-18:54:43][thread 6284][info][makeupController.cpp:2037] debug++ SetParamTex called tex_lip_mask_bite_zz
[09/25/26-18:54:43][thread 6284][info][makeupController.cpp:2037] debug++ SetParamTex called tex_lip_mask_bite_bz
[09/25/26-18:54:43][thread 6284][info][NamaContext.cpp:1534] created item name: makeup_info
[09/25/26-18:54:43][thread 6284][info][CNamaSDK.cpp:890] fuCreateItemFromPackage: handle = 6, item_name = 
[09/25/26-18:54:43][thread 6284][info][makeupController.cpp:2037] debug++ SetParamTex called tex_highlight
[09/25/26-18:58:27][thread 6284][warning][makeupController.cpp:2706] load texture failed!:eyepupil.png
[09/25/26-18:58:27][thread 6284][warning][makeupController.cpp:2706] load texture failed!:eyeliner.png
[09/25/26-18:58:27][thread 6284][warning][makeupController.cpp:2706] load texture failed!:eyelash.png
[09/25/26-18:58:27][thread 6284][warning][makeupController.cpp:2706] load texture failed!:brow.png
[09/25/26-18:58:27][thread 6284][warning][makeupController.cpp:2706] load texture failed!:eye.png
[09/25/26-18:58:27][thread 6284][warning][makeupController.cpp:2706] load texture failed!:eye2.png
[09/25/26-18:58:27][thread 6284][warning][makeupController.cpp:2706] load texture failed!:eye3.png
[09/25/26-18:58:27][thread 6284][warning][makeupController.cpp:2706] load texture failed!:eye4.png
[09/25/26-18:58:27][thread 6284][warning][makeupController.cpp:2706] load texture failed!:lip_top2.png
[09/25/26-18:58:27][thread 6284][warning][makeupController.cpp:2706] load texture failed!:zhuangrong_sh2.png
[09/25/26-18:58:27][thread 6284][warning][makeupController.cpp:2706] load texture failed!:zhuangrong_fd.png
[09/25/26-18:58:27][thread 6284][warning][makeupController.cpp:2706] load texture failed!:zhuangrong_yy.png
[09/25/26-18:58:27][thread 6284][warning][makeupController.cpp:2706] load texture failed!:lip_bz1.png
[09/25/26-18:58:27][thread 6284][warning][makeupController.cpp:2706] load texture failed!:gloss_lut.png
[09/25/26-18:58:27][thread 6284][info][NamaContext.cpp:98] [js] liufei init stbline in
[09/25/26-18:58:27][thread 6284][info][NamaContext.cpp:98] [js] liufei statesArray init,len: 1
[09/25/26-18:58:27][thread 6284][info][NamaContext.cpp:98] [js] liufei init stbline ok
[09/25/26-18:58:27][thread 6284][info][NamaContext.cpp:98] [js] liufei init stbline in
[09/25/26-18:58:27][thread 6284][info][NamaContext.cpp:98] [js] liufei statesArray init,len: 1
[09/25/26-18:58:27][thread 6284][info][NamaContext.cpp:98] [js] liufei init stbline ok
[09/25/26-18:58:27][thread 6284][info][NamaContext.cpp:98] [js] liufei RegiterStb in
[09/25/26-18:58:27][thread 6284][info][makeupController.cpp:2037] debug++ SetParamTex called tex_blusher
[09/25/26-18:58:27][thread 6284][info][makeupController.cpp:2037] debug++ SetParamTex called tex_brow
[09/25/26-18:58:27][thread 6284][info][makeupController.cpp:2037] debug++ SetParamTex called tex_eye
[09/25/26-18:58:27][thread 6284][info][makeupController.cpp:2037] debug++ SetParamTex called tex_eyeLash
[09/25/26-18:58:27][thread 6284][info][makeupController.cpp:2037] debug++ SetParamTex called tex_eyeLiner
[09/25/26-18:58:27][thread 6284][info][makeupController.cpp:2037] debug++ SetParamTex called tex_lip_mask_zz
[09/25/26-18:58:27][thread 6284][info][makeupController.cpp:2037] debug++ SetParamTex called tex_lip_mask_bz
[09/25/26-18:58:27][thread 6284][info][makeupController.cpp:2037] debug++ SetParamTex called tex_shadow
[09/25/26-18:58:27][thread 6284][info][makeupController.cpp:2037] debug++ SetParamTex called tex_highlight
[09/25/26-18:58:27][thread 6284][info][NamaContext.cpp:1534] created item name: 工程文件fucreator_2.4.4_release
[09/25/26-18:58:27][thread 6284][info][CNamaSDK.cpp:890] fuCreateItemFromPackage: handle = 8, item_name = 
[09/25/26-18:58:27][thread 4868][warning][makeupController.cpp:389] MakeupFilter has not load resource makeup_index:1,makeup_current_index:2
[09/25/26-18:58:27][thread 6284][info][makeupController.cpp:2037] debug++ SetParamTex called tex_shadow
[09/25/26-18:58:27][thread 6284][warning][makeupController.cpp:2044] SetParamTex has not load resource makeup_index:2,makeup_current_index:2
[09/25/26-18:58:27][thread 6284][info][CNamaSDK.cpp:1030] fuDestroyItem: handle = 4
[09/25/26-18:58:27][thread 6284][info][makeupController.cpp:2037] debug++ SetParamTex called tex_lip_mask_bite_zz
[09/25/26-18:58:27][thread 6284][warning][makeupController.cpp:2044] SetParamTex has not load resource makeup_index:2,makeup_current_index:2
[09/25/26-18:58:27][thread 6284][info][makeupController.cpp:2037] debug++ SetParamTex called tex_lip_mask_bite_bz
[09/25/26-18:58:27][thread 6284][warning][makeupController.cpp:2044] SetParamTex has not load resource makeup_index:2,makeup_current_index:2
[09/25/26-18:58:27][thread 6284][info][CNamaSDK.cpp:1030] fuDestroyItem: handle = 5
[09/25/26-18:58:27][thread 6284][info][makeupController.cpp:2037] debug++ SetParamTex called tex_highlight
[09/25/26-18:58:27][thread 6284][warning][makeupController.cpp:2044] SetParamTex has not load resource makeup_index:2,makeup_current_index:2
[09/25/26-18:58:27][thread 6284][info][CNamaSDK.cpp:1030] fuDestroyItem: handle = 6
[09/25/26-18:58:27][thread 6284][info][CNamaSDK.cpp:1030] fuDestroyItem: handle = 2
[09/25/26-18:58:27][thread 4868][info][NamaContext.cpp:98] [js] liufei Do4SingleTrigger : 鼻子_13
[09/25/26-18:58:27][thread 4868][info][NamaContext.cpp:98] [js] liufei thriggerThis2d 鼻子_13
[09/25/26-18:58:27][thread 4868][info][NamaContext.cpp:98] [js] liufei Do4SingleTrigger : 右耳_16
[09/25/26-18:58:27][thread 4868][info][NamaContext.cpp:98] [js] liufei thriggerThis2d 右耳_16
[09/25/26-18:58:27][thread 4868][info][NamaContext.cpp:98] [js] liufei Do4SingleTrigger : 左耳_132
[09/25/26-18:58:27][thread 4868][info][NamaContext.cpp:98] [js] liufei thriggerThis2d 左耳_132
[09/25/26-18:58:27][thread 4868][info][NamaContext.cpp:98] [js] liufei show makeup: Group_1_21
[09/25/26-18:58:27][thread 4868][info][makeupController.cpp:2037] debug++ SetParamTex called tex_blusher
[09/25/26-18:58:27][thread 4868][info][makeupController.cpp:2037] debug++ SetParamTex called tex_brow
[09/25/26-18:58:27][thread 4868][info][makeupController.cpp:2037] debug++ SetParamTex called tex_eye
[09/25/26-18:58:27][thread 4868][info][makeupController.cpp:2037] debug++ SetParamTex called tex_eyeLash
[09/25/26-18:58:27][thread 4868][info][makeupController.cpp:2037] debug++ SetParamTex called tex_eyeLiner
[09/25/26-18:58:27][thread 4868][info][makeupController.cpp:2037] debug++ SetParamTex called tex_lip_mask_zz
[09/25/26-18:58:27][thread 4868][info][makeupController.cpp:2037] debug++ SetParamTex called tex_lip_mask_bz
[09/25/26-18:58:27][thread 4868][info][makeupController.cpp:2037] debug++ SetParamTex called tex_shadow
[09/25/26-18:58:27][thread 4868][info][makeupController.cpp:2037] debug++ SetParamTex called tex_highlight
[09/25/26-18:58:28][thread 6284][warning][makeupController.cpp:2706] load texture failed!:eyepupil.png
[09/25/26-18:58:28][thread 6284][warning][makeupController.cpp:2706] load texture failed!:eyeliner.png
[09/25/26-18:58:28][thread 6284][warning][makeupController.cpp:2706] load texture failed!:eyelash.png
[09/25/26-18:58:28][thread 6284][warning][makeupController.cpp:2706] load texture failed!:brow.png
[09/25/26-18:58:28][thread 6284][warning][makeupController.cpp:2706] load texture failed!:eye.png
[09/25/26-18:58:28][thread 6284][warning][makeupController.cpp:2706] load texture failed!:eye2.png
[09/25/26-18:58:28][thread 6284][warning][makeupController.cpp:2706] load texture failed!:eye3.png
[09/25/26-18:58:28][thread 6284][warning][makeupController.cpp:2706] load texture failed!:eye4.png
[09/25/26-18:58:28][thread 6284][warning][makeupController.cpp:2706] load texture failed!:lip_top2.png
[09/25/26-18:58:28][thread 6284][warning][makeupController.cpp:2706] load texture failed!:zhuangrong_sh.png
[09/25/26-18:58:28][thread 6284][warning][makeupController.cpp:2706] load texture failed!:zhuangrong_sh2.png
[09/25/26-18:58:28][thread 6284][warning][makeupController.cpp:2706] load texture failed!:zhuangrong_fd.png
[09/25/26-18:58:28][thread 6284][warning][makeupController.cpp:2706] load texture failed!:zhuangrong_gg.png
[09/25/26-18:58:28][thread 6284][warning][makeupController.cpp:2706] load texture failed!:zhuangrong_yy.png
[09/25/26-18:58:28][thread 6284][warning][makeupController.cpp:2706] load texture failed!:lip_bz1.png
[09/25/26-18:58:28][thread 6284][warning][makeupController.cpp:2706] load texture failed!:gloss_lut.png
[09/25/26-18:58:28][thread 6284][info][NamaContext.cpp:1534] created item name: face_makeup
[09/25/26-18:58:28][thread 6284][info][CNamaSDK.cpp:890] fuCreateItemFromPackage: handle = 2, item_name = 
[09/25/26-18:58:28][thread 4868][warning][makeupController.cpp:389] MakeupFilter has not load resource makeup_index:2,makeup_current_index:3
[09/25/26-18:58:28][thread 4868][warning][makeupController.cpp:389] MakeupFilter has not load resource makeup_index:2,makeup_current_index:3
[09/25/26-18:58:28][thread 6284][info][NamaContext.cpp:1534] created item name: makeup_info
[09/25/26-18:58:28][thread 6284][info][CNamaSDK.cpp:890] fuCreateItemFromPackage: handle = 4, item_name = 
[09/25/26-18:58:28][thread 6284][info][makeupController.cpp:2037] debug++ SetParamTex called tex_shadow
[09/25/26-18:58:28][thread 4868][warning][makeupController.cpp:389] MakeupFilter has not load resource makeup_index:2,makeup_current_index:3
[09/25/26-18:58:28][thread 6284][info][NamaContext.cpp:1534] created item name: yaochun
[09/25/26-18:58:28][thread 6284][info][CNamaSDK.cpp:890] fuCreateItemFromPackage: handle = 5, item_name = 
[09/25/26-18:58:28][thread 6284][info][makeupController.cpp:2037] debug++ SetParamTex called tex_lip_mask_bite_zz
[09/25/26-18:58:28][thread 6284][info][makeupController.cpp:2037] debug++ SetParamTex called tex_lip_mask_bite_bz
[09/25/26-18:58:28][thread 4868][warning][makeupController.cpp:389] MakeupFilter has not load resource makeup_index:2,makeup_current_index:3
[09/25/26-18:58:28][thread 6284][info][NamaContext.cpp:1534] created item name: makeup_info
[09/25/26-18:58:28][thread 6284][info][CNamaSDK.cpp:890] fuCreateItemFromPackage: handle = 6, item_name = 
[09/25/26-18:58:28][thread 6284][info][makeupController.cpp:2037] debug++ SetParamTex called tex_highlight
[09/25/26-18:58:28][thread 4868][warning][makeupController.cpp:389] MakeupFilter has not load resource makeup_index:2,makeup_current_index:3
[09/25/26-18:58:28][thread 4868][warning][makeupController.cpp:389] MakeupFilter has not load resource makeup_index:2,makeup_current_index:3
[09/25/26-18:58:28][thread 4868][warning][makeupController.cpp:389] MakeupFilter has not load resource makeup_index:2,makeup_current_index:3
[09/25/26-18:58:28][thread 4868][warning][makeupController.cpp:389] MakeupFilter has not load resource makeup_index:2,makeup_current_index:3
[09/25/26-18:58:28][thread 4868][warning][makeupController.cpp:389] MakeupFilter has not load resource makeup_index:2,makeup_current_index:3
[09/25/26-18:58:28][thread 4868][warning][makeupController.cpp:389] MakeupFilter has not load resource makeup_index:2,makeup_current_index:3
[09/25/26-18:58:28][thread 4868][warning][makeupController.cpp:389] MakeupFilter has not load resource makeup_index:2,makeup_current_index:3
[09/25/26-18:58:28][thread 4868][warning][makeupController.cpp:389] MakeupFilter has not load resource makeup_index:2,makeup_current_index:3
[09/25/26-18:58:28][thread 4868][warning][makeupController.cpp:389] MakeupFilter has not load resource makeup_index:2,makeup_current_index:3
[09/25/26-18:58:28][thread 4868][warning][makeupController.cpp:389] MakeupFilter has not load resource makeup_index:2,makeup_current_index:3
[09/25/26-18:58:28][thread 4868][warning][makeupController.cpp:389] MakeupFilter has not load resource makeup_index:2,makeup_current_index:3
[09/25/26-18:58:28][thread 4868][warning][makeupController.cpp:389] MakeupFilter has not load resource makeup_index:2,makeup_current_index:3
[09/25/26-18:58:28][thread 4868][warning][makeupController.cpp:389] MakeupFilter has not load resource makeup_index:2,makeup_current_index:3
[09/25/26-18:58:28][thread 4868][warning][makeupController.cpp:389] MakeupFilter has not load resource makeup_index:2,makeup_current_index:3
[09/25/26-18:58:28][thread 4868][warning][makeupController.cpp:389] MakeupFilter has not load resource makeup_index:2,makeup_current_index:3
[09/25/26-18:58:28][thread 4868][warning][makeupController.cpp:389] MakeupFilter has not load resource makeup_index:2,makeup_current_index:3
[09/25/26-18:58:28][thread 4868][warning][makeupController.cpp:389] MakeupFilter has not load resource makeup_index:2,makeup_current_index:3
[09/25/26-18:58:28][thread 4868][warning][makeupController.cpp:389] MakeupFilter has not load resource makeup_index:2,makeup_current_index:3
[09/25/26-18:58:29][thread 4868][warning][makeupController.cpp:389] MakeupFilter has not load resource makeup_index:2,makeup_current_index:3
[09/25/26-18:58:29][thread 4868][warning][makeupController.cpp:389] MakeupFilter has not load resource makeup_index:2,makeup_current_index:3
[09/25/26-18:58:29][thread 4868][warning][makeupController.cpp:389] MakeupFilter has not load resource makeup_index:2,makeup_current_index:3
[09/25/26-18:58:29][thread 4868][warning][makeupController.cpp:389] MakeupFilter has not load resource makeup_index:2,makeup_current_index:3
[09/25/26-18:58:29][thread 4868][warning][makeupController.cpp:389] MakeupFilter has not load resource makeup_index:2,makeup_current_index:3
[09/25/26-18:58:29][thread 4868][warning][makeupController.cpp:389] MakeupFilter has not load resource makeup_index:2,makeup_current_index:3
[09/25/26-18:58:29][thread 4868][warning][makeupController.cpp:389] MakeupFilter has not load resource makeup_index:2,makeup_current_index:3
[09/25/26-18:58:29][thread 4868][warning][makeupController.cpp:389] MakeupFilter has not load resource makeup_index:2,makeup_current_index:3
[09/25/26-18:58:29][thread 4868][warning][makeupController.cpp:389] MakeupFilter has not load resource makeup_index:2,makeup_current_index:3
[09/25/26-18:58:29][thread 4868][warning][makeupController.cpp:389] MakeupFilter has not load resource makeup_index:2,makeup_current_index:3
[09/25/26-18:58:29][thread 4868][warning][makeupController.cpp:389] MakeupFilter has not load resource makeup_index:2,makeup_current_index:3
[09/25/26-18:58:29][thread 4868][warning][makeupController.cpp:389] MakeupFilter has not load resource makeup_index:2,makeup_current_index:3
[09/25/26-18:58:29][thread 4868][warning][makeupController.cpp:389] MakeupFilter has not load resource makeup_index:2,makeup_current_index:3
[09/25/26-18:58:29][thread 4868][warning][makeupController.cpp:389] MakeupFilter has not load resource makeup_index:2,makeup_current_index:3
[09/25/26-18:58:29][thread 4868][warning][makeupController.cpp:389] MakeupFilter has not load resource makeup_index:2,makeup_current_index:3
[09/25/26-18:58:29][thread 4868][warning][makeupController.cpp:389] MakeupFilter has not load resource makeup_index:2,makeup_current_index:3
[09/25/26-18:58:29][thread 4868][warning][makeupController.cpp:389] MakeupFilter has not load resource makeup_index:2,makeup_current_index:3
[09/25/26-18:58:29][thread 4868][warning][makeupController.cpp:389] MakeupFilter has not load resource makeup_index:2,makeup_current_index:3
[09/25/26-18:58:29][thread 4868][warning][makeupController.cpp:389] MakeupFilter has not load resource makeup_index:2,makeup_current_index:3
[09/25/26-18:58:29][thread 4868][warning][makeupController.cpp:389] MakeupFilter has not load resource makeup_index:2,makeup_current_index:3
[09/25/26-18:58:29][thread 4868][warning][makeupController.cpp:389] MakeupFilter has not load resource makeup_index:2,makeup_current_index:3
[09/25/26-18:58:30][thread 4868][warning][makeupController.cpp:389] MakeupFilter has not load resource makeup_index:2,makeup_current_index:3
[09/25/26-18:58:30][thread 4868][warning][makeupController.cpp:389] MakeupFilter has not load resource makeup_index:2,makeup_current_index:3
[09/25/26-18:58:30][thread 4868][warning][makeupController.cpp:389] MakeupFilter has not load resource makeup_index:2,makeup_current_index:3
[09/25/26-18:58:30][thread 4868][warning][makeupController.cpp:389] MakeupFilter has not load resource makeup_index:2,makeup_current_index:3
[09/25/26-18:58:30][thread 4868][warning][makeupController.cpp:389] MakeupFilter has not load resource makeup_index:2,makeup_current_index:3
[09/25/26-18:58:30][thread 4868][warning][makeupController.cpp:389] MakeupFilter has not load resource makeup_index:2,makeup_current_index:3
[09/25/26-18:58:30][thread 4868][warning][makeupController.cpp:389] MakeupFilter has not load resource makeup_index:2,makeup_current_index:3
[09/25/26-18:58:30][thread 4868][warning][makeupController.cpp:389] MakeupFilter has not load resource makeup_index:2,makeup_current_index:3
[09/25/26-18:58:30][thread 4868][warning][makeupController.cpp:389] MakeupFilter has not load resource makeup_index:2,makeup_current_index:3
[09/25/26-18:58:30][thread 4868][warning][makeupController.cpp:389] MakeupFilter has not load resource makeup_index:2,makeup_current_index:3
[09/25/26-18:58:30][thread 4868][warning][makeupController.cpp:389] MakeupFilter has not load resource makeup_index:2,makeup_current_index:3
[09/25/26-18:58:30][thread 4868][warning][makeupController.cpp:389] MakeupFilter has not load resource makeup_index:2,makeup_current_index:3
[09/25/26-18:58:30][thread 4868][warning][makeupController.cpp:389] MakeupFilter has not load resource makeup_index:2,makeup_current_index:3
[09/25/26-18:58:30][thread 4868][warning][makeupController.cpp:389] MakeupFilter has not load resource makeup_index:2,makeup_current_index:3
[09/25/26-18:58:30][thread 4868][warning][makeupController.cpp:389] MakeupFilter has not load resource makeup_index:2,makeup_current_index:3
[09/25/26-18:58:30][thread 4868][warning][makeupController.cpp:389] MakeupFilter has not load resource makeup_index:2,makeup_current_index:3
[09/25/26-18:58:30][thread 4868][warning][makeupController.cpp:389] MakeupFilter has not load resource makeup_index:2,makeup_current_index:3
[09/25/26-18:58:30][thread 4868][warning][makeupController.cpp:389] MakeupFilter has not load resource makeup_index:2,makeup_current_index:3
[09/25/26-18:58:30][thread 4868][warning][makeupController.cpp:389] MakeupFilter has not load resource makeup_index:2,makeup_current_index:3
[09/25/26-18:58:30][thread 4868][warning][makeupController.cpp:389] MakeupFilter has not load resource makeup_index:2,makeup_current_index:3
[09/25/26-18:58:30][thread 4868][warning][makeupController.cpp:389] MakeupFilter has not load resource makeup_index:2,makeup_current_index:3
[09/25/26-18:58:31][thread 4868][warning][makeupController.cpp:389] MakeupFilter has not load resource makeup_index:2,makeup_current_index:3
[09/25/26-18:58:31][thread 4868][warning][makeupController.cpp:389] MakeupFilter has not load resource makeup_index:2,makeup_current_index:3
[09/25/26-18:58:31][thread 4868][warning][makeupController.cpp:389] MakeupFilter has not load resource makeup_index:2,makeup_current_index:3
[09/25/26-18:58:31][thread 4868][warning][makeupController.cpp:389] MakeupFilter has not load resource makeup_index:2,makeup_current_index:3
[09/25/26-18:58:31][thread 4868][warning][makeupController.cpp:389] MakeupFilter has not load resource makeup_index:2,makeup_current_index:3
[09/25/26-18:58:31][thread 4868][warning][makeupController.cpp:389] MakeupFilter has not load resource makeup_index:2,makeup_current_index:3
[09/25/26-18:58:31][thread 4868][warning][makeupController.cpp:389] MakeupFilter has not load resource makeup_index:2,makeup_current_index:3
[09/25/26-18:58:31][thread 4868][warning][makeupController.cpp:389] MakeupFilter has not load resource makeup_index:2,makeup_current_index:3
[09/25/26-18:58:31][thread 4868][warning][makeupController.cpp:389] MakeupFilter has not load resource makeup_index:2,makeup_current_index:3
[09/25/26-18:58:31][thread 4868][warning][makeupController.cpp:389] MakeupFilter has not load resource makeup_index:2,makeup_current_index:3
[09/25/26-18:58:31][thread 4868][warning][makeupController.cpp:389] MakeupFilter has not load resource makeup_index:2,makeup_current_index:3
[09/25/26-18:58:31][thread 4868][warning][makeupController.cpp:389] MakeupFilter has not load resource makeup_index:2,makeup_current_index:3
[09/25/26-18:58:31][thread 4868][warning][makeupController.cpp:389] MakeupFilter has not load resource makeup_index:2,makeup_current_index:3
[09/25/26-18:58:31][thread 4868][warning][makeupController.cpp:389] MakeupFilter has not load resource makeup_index:2,makeup_current_index:3
[09/25/26-18:58:31][thread 4868][warning][makeupController.cpp:389] MakeupFilter has not load resource makeup_index:2,makeup_current_index:3
[09/25/26-18:58:31][thread 4868][warning][makeupController.cpp:389] MakeupFilter has not load resource makeup_index:2,makeup_current_index:3
[09/25/26-18:58:31][thread 4868][warning][makeupController.cpp:389] MakeupFilter has not load resource makeup_index:2,makeup_current_index:3
[09/25/26-18:58:31][thread 4868][warning][makeupController.cpp:389] MakeupFilter has not load resource makeup_index:2,makeup_current_index:3
[09/25/26-18:58:31][thread 4868][warning][makeupController.cpp:389] MakeupFilter has not load resource makeup_index:2,makeup_current_index:3
[09/25/26-18:58:31][thread 4868][warning][makeupController.cpp:389] MakeupFilter has not load resource makeup_index:2,makeup_current_index:3
[09/25/26-18:58:31][thread 4868][warning][makeupController.cpp:389] MakeupFilter has not load resource makeup_index:2,makeup_current_index:3
[09/25/26-18:58:31][thread 4868][warning][makeupController.cpp:389] MakeupFilter has not load resource makeup_index:2,makeup_current_index:3
[09/25/26-18:58:32][thread 4868][warning][makeupController.cpp:389] MakeupFilter has not load resource makeup_index:2,makeup_current_index:3
[09/25/26-18:58:32][thread 4868][warning][makeupController.cpp:389] MakeupFilter has not load resource makeup_index:2,makeup_current_index:3
[09/25/26-18:58:32][thread 4868][warning][makeupController.cpp:389] MakeupFilter has not load resource makeup_index:2,makeup_current_index:3
[09/25/26-18:58:32][thread 4868][warning][makeupController.cpp:389] MakeupFilter has not load resource makeup_index:2,makeup_current_index:3
[09/25/26-18:58:32][thread 4868][warning][makeupController.cpp:389] MakeupFilter has not load resource makeup_index:2,makeup_current_index:3
[09/25/26-18:58:32][thread 4868][warning][makeupController.cpp:389] MakeupFilter has not load resource makeup_index:2,makeup_current_index:3
[09/25/26-18:58:32][thread 4868][warning][makeupController.cpp:389] MakeupFilter has not load resource makeup_index:2,makeup_current_index:3
[09/25/26-18:58:32][thread 4868][warning][makeupController.cpp:389] MakeupFilter has not load resource makeup_index:2,makeup_current_index:3
[09/25/26-18:58:32][thread 4868][warning][makeupController.cpp:389] MakeupFilter has not load resource makeup_index:2,makeup_current_index:3
[09/25/26-18:58:32][thread 4868][warning][makeupController.cpp:389] MakeupFilter has not load resource makeup_index:2,makeup_current_index:3
[09/25/26-18:58:32][thread 4868][warning][makeupController.cpp:389] MakeupFilter has not load resource makeup_index:2,makeup_current_index:3
[09/25/26-18:58:32][thread 4868][warning][makeupController.cpp:389] MakeupFilter has not load resource makeup_index:2,makeup_current_index:3
[09/25/26-18:58:32][thread 4868][warning][makeupController.cpp:389] MakeupFilter has not load resource makeup_index:2,makeup_current_index:3
[09/25/26-18:58:32][thread 4868][warning][makeupController.cpp:389] MakeupFilter has not load resource makeup_index:2,makeup_current_index:3
[09/25/26-18:58:32][thread 4868][warning][makeupController.cpp:389] MakeupFilter has not load resource makeup_index:2,makeup_current_index:3
[09/25/26-18:58:32][thread 4868][warning][makeupController.cpp:389] MakeupFilter has not load resource makeup_index:2,makeup_current_index:3
[09/25/26-18:58:32][thread 4868][warning][makeupController.cpp:389] MakeupFilter has not load resource makeup_index:2,makeup_current_index:3
[09/25/26-18:58:32][thread 4868][warning][makeupController.cpp:389] MakeupFilter has not load resource makeup_index:2,makeup_current_index:3
[09/25/26-18:58:32][thread 4868][warning][makeupController.cpp:389] MakeupFilter has not load resource makeup_index:2,makeup_current_index:3
[09/25/26-18:58:32][thread 4868][warning][makeupController.cpp:389] MakeupFilter has not load resource makeup_index:2,makeup_current_index:3
[09/25/26-18:58:32][thread 4868][warning][makeupController.cpp:389] MakeupFilter has not load resource makeup_index:2,makeup_current_index:3
[09/25/26-18:58:33][thread 4868][warning][makeupController.cpp:389] MakeupFilter has not load resource makeup_index:2,makeup_current_index:3
[09/25/26-18:58:33][thread 4868][warning][makeupController.cpp:389] MakeupFilter has not load resource makeup_index:2,makeup_current_index:3
[09/25/26-18:58:33][thread 4868][warning][makeupController.cpp:389] MakeupFilter has not load resource makeup_index:2,makeup_current_index:3
[09/25/26-18:58:33][thread 4868][warning][makeupController.cpp:389] MakeupFilter has not load resource makeup_index:2,makeup_current_index:3
[09/25/26-18:58:33][thread 4868][warning][makeupController.cpp:389] MakeupFilter has not load resource makeup_index:2,makeup_current_index:3
[09/25/26-18:58:33][thread 4868][warning][makeupController.cpp:389] MakeupFilter has not load resource makeup_index:2,makeup_current_index:3
[09/25/26-18:58:33][thread 4868][warning][makeupController.cpp:389] MakeupFilter has not load resource makeup_index:2,makeup_current_index:3
[09/25/26-18:58:33][thread 4868][warning][makeupController.cpp:389] MakeupFilter has not load resource makeup_index:2,makeup_current_index:3
[09/25/26-18:58:33][thread 4868][warning][makeupController.cpp:389] MakeupFilter has not load resource makeup_index:2,makeup_current_index:3
[09/25/26-18:58:33][thread 4868][warning][makeupController.cpp:389] MakeupFilter has not load resource makeup_index:2,makeup_current_index:3
[09/25/26-18:58:33][thread 4868][warning][makeupController.cpp:389] MakeupFilter has not load resource makeup_index:2,makeup_current_index:3
[09/25/26-18:58:33][thread 4868][warning][makeupController.cpp:389] MakeupFilter has not load resource makeup_index:2,makeup_current_index:3
[09/25/26-18:58:33][thread 4868][warning][makeupController.cpp:389] MakeupFilter has not load resource makeup_index:2,makeup_current_index:3
[09/25/26-18:58:33][thread 4868][warning][makeupController.cpp:389] MakeupFilter has not load resource makeup_index:2,makeup_current_index:3
[09/25/26-18:58:33][thread 4868][warning][makeupController.cpp:389] MakeupFilter has not load resource makeup_index:2,makeup_current_index:3
[09/25/26-18:58:33][thread 4868][warning][makeupController.cpp:389] MakeupFilter has not load resource makeup_index:2,makeup_current_index:3
[09/25/26-18:58:33][thread 4868][warning][makeupController.cpp:389] MakeupFilter has not load resource makeup_index:2,makeup_current_index:3
[09/25/26-18:58:33][thread 4868][warning][makeupController.cpp:389] MakeupFilter has not load resource makeup_index:2,makeup_current_index:3
[09/25/26-18:58:33][thread 4868][warning][makeupController.cpp:389] MakeupFilter has not load resource makeup_index:2,makeup_current_index:3
[09/25/26-18:58:33][thread 4868][warning][makeupController.cpp:389] MakeupFilter has not load resource makeup_index:2,makeup_current_index:3
[09/25/26-18:58:33][thread 4868][warning][makeupController.cpp:389] MakeupFilter has not load resource makeup_index:2,makeup_current_index:3
[09/25/26-18:58:33][thread 4868][warning][makeupController.cpp:389] MakeupFilter has not load resource makeup_index:2,makeup_current_index:3
[09/25/26-18:58:34][thread 4868][warning][makeupController.cpp:389] MakeupFilter has not load resource makeup_index:2,makeup_current_index:3
[09/25/26-18:58:34][thread 4868][warning][makeupController.cpp:389] MakeupFilter has not load resource makeup_index:2,makeup_current_index:3
[09/25/26-18:58:34][thread 4868][warning][makeupController.cpp:389] MakeupFilter has not load resource makeup_index:2,makeup_current_index:3
[09/25/26-18:58:34][thread 4868][warning][makeupController.cpp:389] MakeupFilter has not load resource makeup_index:2,makeup_current_index:3
[09/25/26-18:58:34][thread 4868][warning][makeupController.cpp:389] MakeupFilter has not load resource makeup_index:2,makeup_current_index:3
[09/25/26-18:58:34][thread 4868][warning][makeupController.cpp:389] MakeupFilter has not load resource makeup_index:2,makeup_current_index:3
[09/25/26-18:58:34][thread 4868][warning][makeupController.cpp:389] MakeupFilter has not load resource makeup_index:2,makeup_current_index:3
[09/25/26-18:58:34][thread 6284][info][CNamaSDK.cpp:1030] fuDestroyItem: handle = 8
[09/25/26-18:58:34][thread 6284][info][makeupController.cpp:2037] debug++ SetParamTex called tex_shadow
[09/25/26-18:58:34][thread 6284][info][CNamaSDK.cpp:1030] fuDestroyItem: handle = 4
[09/25/26-18:58:34][thread 6284][info][makeupController.cpp:2037] debug++ SetParamTex called tex_lip_mask_bite_zz
[09/25/26-18:58:34][thread 6284][info][makeupController.cpp:2037] debug++ SetParamTex called tex_lip_mask_bite_bz
[09/25/26-18:58:34][thread 6284][info][CNamaSDK.cpp:1030] fuDestroyItem: handle = 5
[09/25/26-18:58:34][thread 6284][info][makeupController.cpp:2037] debug++ SetParamTex called tex_highlight
[09/25/26-18:58:34][thread 6284][info][CNamaSDK.cpp:1030] fuDestroyItem: handle = 6
[09/25/26-18:58:34][thread 6284][info][CNamaSDK.cpp:1030] fuDestroyItem: handle = 2
[09/25/26-18:58:34][thread 6284][warning][makeupController.cpp:2706] load texture failed!:eyepupil.png
[09/25/26-18:58:34][thread 6284][warning][makeupController.cpp:2706] load texture failed!:eyeliner.png
[09/25/26-18:58:34][thread 6284][warning][makeupController.cpp:2706] load texture failed!:eyelash.png
[09/25/26-18:58:34][thread 6284][warning][makeupController.cpp:2706] load texture failed!:brow.png
[09/25/26-18:58:34][thread 6284][warning][makeupController.cpp:2706] load texture failed!:eye.png
[09/25/26-18:58:34][thread 6284][warning][makeupController.cpp:2706] load texture failed!:eye2.png
[09/25/26-18:58:34][thread 6284][warning][makeupController.cpp:2706] load texture failed!:eye3.png
[09/25/26-18:58:34][thread 6284][warning][makeupController.cpp:2706] load texture failed!:eye4.png
[09/25/26-18:58:34][thread 6284][warning][makeupController.cpp:2706] load texture failed!:lip_top2.png
[09/25/26-18:58:34][thread 6284][warning][makeupController.cpp:2706] load texture failed!:zhuangrong_sh.png
[09/25/26-18:58:34][thread 6284][warning][makeupController.cpp:2706] load texture failed!:zhuangrong_sh2.png
[09/25/26-18:58:34][thread 6284][warning][makeupController.cpp:2706] load texture failed!:zhuangrong_fd.png
[09/25/26-18:58:34][thread 6284][warning][makeupController.cpp:2706] load texture failed!:zhuangrong_gg.png
[09/25/26-18:58:34][thread 6284][warning][makeupController.cpp:2706] load texture failed!:zhuangrong_yy.png
[09/25/26-18:58:34][thread 6284][warning][makeupController.cpp:2706] load texture failed!:lip_bz1.png
[09/25/26-18:58:34][thread 6284][warning][makeupController.cpp:2706] load texture failed!:gloss_lut.png
[09/25/26-18:58:34][thread 6284][info][NamaContext.cpp:1534] created item name: face_makeup
[09/25/26-18:58:34][thread 6284][info][CNamaSDK.cpp:890] fuCreateItemFromPackage: handle = 2, item_name = 
[09/25/26-18:58:34][thread 6284][info][NamaContext.cpp:1534] created item name: makeup_info
[09/25/26-18:58:34][thread 6284][info][CNamaSDK.cpp:890] fuCreateItemFromPackage: handle = 4, item_name = 
[09/25/26-18:58:34][thread 6284][info][makeupController.cpp:2037] debug++ SetParamTex called tex_shadow
[09/25/26-18:58:34][thread 6284][info][NamaContext.cpp:1534] created item name: yaochun
[09/25/26-18:58:34][thread 6284][info][CNamaSDK.cpp:890] fuCreateItemFromPackage: handle = 5, item_name = 
[09/25/26-18:58:34][thread 6284][info][makeupController.cpp:2037] debug++ SetParamTex called tex_lip_mask_bite_zz
[09/25/26-18:58:34][thread 6284][info][makeupController.cpp:2037] debug++ SetParamTex called tex_lip_mask_bite_bz
[09/25/26-18:58:34][thread 6284][info][NamaContext.cpp:1534] created item name: makeup_info
[09/25/26-18:58:34][thread 6284][info][CNamaSDK.cpp:890] fuCreateItemFromPackage: handle = 6, item_name = 
[09/25/26-18:58:34][thread 6284][info][makeupController.cpp:2037] debug++ SetParamTex called tex_highlight
[09/25/26-18:58:51][thread 6284][info][NamaContext.cpp:98] [js] liufei MeshGroupReal loadName:avatar
[09/25/26-18:58:51][thread 6284][info][NamaContext.cpp:98] [js] liufei loadName:avatar
[09/25/26-18:58:51][thread 6284][info][NamaContext.cpp:98] [js] liufei MeshGroupReal loadName:ft_297
[09/25/26-18:58:51][thread 6284][info][NamaContext.cpp:98] [js] liufei loadName:ft_297
[09/25/26-18:58:51][thread 6284][info][animator.cpp:407] (CreateLayer) name=BaseLayer
[09/25/26-18:58:51][thread 6284][info][animator.cpp:407] (CreateLayer) name=BaseLayer
[09/25/26-18:58:51][thread 6284][info][animator.cpp:407] (CreateLayer) name=BaseLayer
[09/25/26-18:58:51][thread 6284][info][animator.cpp:407] (CreateLayer) name=BaseLayer
[09/25/26-18:58:51][thread 6284][info][animator.cpp:407] (CreateLayer) name=BaseLayer
[09/25/26-18:58:51][thread 6284][info][animator.cpp:407] (CreateLayer) name=BaseLayer
[09/25/26-18:58:51][thread 6284][info][animator.cpp:407] (CreateLayer) name=BaseLayer
[09/25/26-18:58:51][thread 6284][info][animator.cpp:407] (CreateLayer) name=BaseLayer
[09/25/26-18:58:51][thread 6284][info][animator.cpp:3779] DYNAMICBONE --- (CreateDynamicBoneControllerWithJson) NormalMode
[09/25/26-18:58:51][thread 6284][info][animator.cpp:3779] DYNAMICBONE --- (CreateDynamicBoneControllerWithJson) NormalMode
[09/25/26-18:58:51][thread 6284][info][animator.cpp:3779] DYNAMICBONE --- (CreateDynamicBoneControllerWithJson) NormalMode
[09/25/26-18:58:51][thread 6284][info][animator.cpp:3779] DYNAMICBONE --- (CreateDynamicBoneControllerWithJson) NormalMode
[09/25/26-18:58:51][thread 6284][info][animator.cpp:3779] DYNAMICBONE --- (CreateDynamicBoneControllerWithJson) NormalMode
[09/25/26-18:58:51][thread 6284][info][animator.cpp:3779] DYNAMICBONE --- (CreateDynamicBoneControllerWithJson) NormalMode
[09/25/26-18:58:51][thread 6284][info][animator.cpp:3779] DYNAMICBONE --- (CreateDynamicBoneControllerWithJson) NormalMode
[09/25/26-18:58:51][thread 6284][info][animator.cpp:3779] DYNAMICBONE --- (CreateDynamicBoneControllerWithJson) NormalMode
[09/25/26-18:58:51][thread 6284][info][animator.cpp:2336] Add bone anim state_NewAnim_1_363
[09/25/26-18:58:51][thread 6284][info][NamaContext.cpp:98] [js] NAMA --- Add stateName: state_NewAnim_1_363 ,paramName: param_NewAnim_1_363
[09/25/26-18:58:51][thread 6284][info][animator.cpp:2336] Add bone anim state_NewAnim_1_363
[09/25/26-18:58:51][thread 6284][info][NamaContext.cpp:98] [js] NAMA --- Add stateName: state_NewAnim_1_363 ,paramName: param_NewAnim_1_363
[09/25/26-18:58:51][thread 6284][info][animator.cpp:2336] Add bone anim state_NewAnim_1_363
[09/25/26-18:58:51][thread 6284][info][NamaContext.cpp:98] [js] NAMA --- Add stateName: state_NewAnim_1_363 ,paramName: param_NewAnim_1_363
[09/25/26-18:58:51][thread 6284][info][animator.cpp:2336] Add bone anim state_NewAnim_1_363
[09/25/26-18:58:51][thread 6284][info][NamaContext.cpp:98] [js] NAMA --- Add stateName: state_NewAnim_1_363 ,paramName: param_NewAnim_1_363
[09/25/26-18:58:51][thread 6284][info][animator.cpp:2336] Add bone anim state_NewAnim_1_363
[09/25/26-18:58:51][thread 6284][info][NamaContext.cpp:98] [js] NAMA --- Add stateName: state_NewAnim_1_363 ,paramName: param_NewAnim_1_363
[09/25/26-18:58:51][thread 6284][info][animator.cpp:2336] Add bone anim state_NewAnim_1_363
[09/25/26-18:58:51][thread 6284][info][NamaContext.cpp:98] [js] NAMA --- Add stateName: state_NewAnim_1_363 ,paramName: param_NewAnim_1_363
[09/25/26-18:58:51][thread 6284][info][animator.cpp:2336] Add bone anim state_NewAnim_1_363
[09/25/26-18:58:51][thread 6284][info][NamaContext.cpp:98] [js] NAMA --- Add stateName: state_NewAnim_1_363 ,paramName: param_NewAnim_1_363
[09/25/26-18:58:51][thread 6284][info][animator.cpp:2336] Add bone anim state_NewAnim_1_363
[09/25/26-18:58:51][thread 6284][info][NamaContext.cpp:98] [js] NAMA --- Add stateName: state_NewAnim_1_363 ,paramName: param_NewAnim_1_363
[09/25/26-18:58:51][thread 6284][warning][makeupController.cpp:2706] load texture failed!:eyepupil.png
[09/25/26-18:58:51][thread 6284][warning][makeupController.cpp:2706] load texture failed!:eyelash.png
[09/25/26-18:58:51][thread 6284][warning][makeupController.cpp:2706] load texture failed!:brow.png
[09/25/26-18:58:51][thread 6284][warning][makeupController.cpp:2706] load texture failed!:eye.png
[09/25/26-18:58:51][thread 6284][warning][makeupController.cpp:2706] load texture failed!:eye3.png
[09/25/26-18:58:51][thread 6284][warning][makeupController.cpp:2706] load texture failed!:eye4.png
[09/25/26-18:58:51][thread 6284][warning][makeupController.cpp:2706] load texture failed!:zhuangrong_sh2.png
[09/25/26-18:58:51][thread 6284][warning][makeupController.cpp:2706] load texture failed!:zhuangrong_fd.png
[09/25/26-18:58:51][thread 6284][warning][makeupController.cpp:2706] load texture failed!:zhuangrong_gg.png
[09/25/26-18:58:51][thread 6284][warning][makeupController.cpp:2706] load texture failed!:zhuangrong_yy.png
[09/25/26-18:58:51][thread 6284][warning][makeupController.cpp:2706] load texture failed!:lip_bz1.png
[09/25/26-18:58:51][thread 6284][warning][makeupController.cpp:2706] load texture failed!:lip_bz2.png
[09/25/26-18:58:51][thread 6284][warning][makeupController.cpp:2706] load texture failed!:gloss_lut.png
[09/25/26-18:58:51][thread 6284][warning][makeupController.cpp:2706] load texture failed!:lip_highlight_bz.png
[09/25/26-18:58:51][thread 6284][warning][makeupController.cpp:2706] load texture failed!:lip_highlight_zz.png
[09/25/26-18:58:51][thread 6284][warning][makeupController.cpp:2706] load texture failed!:face_occu_blur.png
[09/25/26-18:58:51][thread 6284][warning][makeupController.cpp:2706] load texture failed!:lip_bz_standard.png
[09/25/26-18:58:51][thread 6284][warning][makeupController.cpp:2706] load texture failed!:lip_zz_standard.png
[09/25/26-18:58:51][thread 6284][warning][makeupController.cpp:2706] load texture failed!:lip_bite_bz_standard.png
[09/25/26-18:58:51][thread 6284][warning][makeupController.cpp:2706] load texture failed!:lip_bite_zz_standard.png
[09/25/26-18:58:51][thread 6284][warning][makeupController.cpp:2706] load texture failed!:lip_highlight_bz_standard.png
[09/25/26-18:58:51][thread 6284][warning][makeupController.cpp:2706] load texture failed!:lip_highlight_zz_standard.png
[09/25/26-18:58:51][thread 6284][warning][makeupController.cpp:2706] load texture failed!:lip_bz2_standard.png
[09/25/26-18:58:51][thread 6284][warning][makeupController.cpp:2706] load texture failed!:eye_mask_standard.png
[09/25/26-18:58:51][thread 6284][error][makeupController.cpp:2421] load uv_v2 json failed!!!
[09/25/26-18:58:51][thread 6284][info][NamaContext.cpp:98] [js] liufei init stbline in
[09/25/26-18:58:51][thread 6284][info][NamaContext.cpp:98] [js] liufei statesArray init,len: 1
[09/25/26-18:58:51][thread 6284][info][NamaContext.cpp:98] [js] liufei init stbline ok
[09/25/26-18:58:51][thread 6284][info][NamaContext.cpp:98] [js] liufei init stbline in
[09/25/26-18:58:51][thread 6284][info][NamaContext.cpp:98] [js] liufei statesArray init,len: 1
[09/25/26-18:58:51][thread 6284][info][NamaContext.cpp:98] [js] liufei init stbline ok
[09/25/26-18:58:51][thread 6284][info][NamaContext.cpp:98] [js] liufei RegiterStb in
[09/25/26-18:58:51][thread 6284][info][makeupController.cpp:2037] debug++ SetParamTex called tex_brow
[09/25/26-18:58:51][thread 6284][info][makeupController.cpp:2037] debug++ SetParamTex called tex_blusher
[09/25/26-18:58:51][thread 6284][info][makeupController.cpp:2037] debug++ SetParamTex called tex_eyeLiner
[09/25/26-18:58:51][thread 6284][info][makeupController.cpp:2037] debug++ SetParamTex called tex_eye
[09/25/26-18:58:51][thread 6284][info][makeupController.cpp:2037] debug++ SetParamTex called tex_eye2
[09/25/26-18:58:51][thread 6284][info][makeupController.cpp:2037] debug++ SetParamTex called tex_pupil
[09/25/26-18:58:51][thread 6284][info][makeupController.cpp:2037] debug++ SetParamTex called tex_highlight
[09/25/26-18:58:51][thread 6284][info][makeupController.cpp:2037] debug++ SetParamTex called tex_eyeLash
[09/25/26-18:58:51][thread 6284][info][NamaContext.cpp:1534] created item name: fatao
[09/25/26-18:58:51][thread 6284][info][CNamaSDK.cpp:890] fuCreateItemFromPackage: handle = 8, item_name = 
[09/25/26-18:58:51][thread 4868][warning][makeupController.cpp:389] MakeupFilter has not load resource makeup_index:1,makeup_current_index:2
[09/25/26-18:58:51][thread 6284][info][makeupController.cpp:2037] debug++ SetParamTex called tex_shadow
[09/25/26-18:58:51][thread 6284][warning][makeupController.cpp:2044] SetParamTex has not load resource makeup_index:2,makeup_current_index:2
[09/25/26-18:58:51][thread 6284][info][CNamaSDK.cpp:1030] fuDestroyItem: handle = 4
[09/25/26-18:58:51][thread 6284][info][makeupController.cpp:2037] debug++ SetParamTex called tex_lip_mask_bite_zz
[09/25/26-18:58:51][thread 6284][warning][makeupController.cpp:2044] SetParamTex has not load resource makeup_index:2,makeup_current_index:2
[09/25/26-18:58:51][thread 6284][info][makeupController.cpp:2037] debug++ SetParamTex called tex_lip_mask_bite_bz
[09/25/26-18:58:51][thread 6284][warning][makeupController.cpp:2044] SetParamTex has not load resource makeup_index:2,makeup_current_index:2
[09/25/26-18:58:51][thread 6284][info][CNamaSDK.cpp:1030] fuDestroyItem: handle = 5
[09/25/26-18:58:51][thread 6284][info][makeupController.cpp:2037] debug++ SetParamTex called tex_highlight
[09/25/26-18:58:51][thread 6284][warning][makeupController.cpp:2044] SetParamTex has not load resource makeup_index:2,makeup_current_index:2
[09/25/26-18:58:51][thread 6284][info][CNamaSDK.cpp:1030] fuDestroyItem: handle = 6
[09/25/26-18:58:51][thread 6284][info][CNamaSDK.cpp:1030] fuDestroyItem: handle = 2
[09/25/26-18:58:51][thread 4868][info][NamaContext.cpp:98] [js] liufei Do4Appear : 滤镜_8
[09/25/26-18:58:51][thread 4868][info][NamaContext.cpp:98] [js] liufei Do4Appear : 滤镜_8
[09/25/26-18:58:51][thread 4868][info][NamaContext.cpp:98] [js] liufei Do4Appear : 滤镜_8
[09/25/26-18:58:51][thread 4868][info][NamaContext.cpp:98] [js] liufei show makeup: 美妆_76
[09/25/26-18:58:51][thread 4868][info][NamaContext.cpp:98] [js] liufei Do4Appear : bianxin_263
[09/25/26-18:58:51][thread 4868][info][NamaContext.cpp:98] [js] liufei Do4Appear : bianxin_263
[09/25/26-18:58:51][thread 4868][info][NamaContext.cpp:98] [js] liufei Do4Appear : bianxin_263
[09/25/26-18:58:51][thread 4868][info][NamaContext.cpp:98] [js] liufei Do4Appear : hair_369
[09/25/26-18:58:51][thread 4868][info][NamaContext.cpp:98] [js] liufei Do4Appear : hair_369
[09/25/26-18:58:51][thread 4868][info][NamaContext.cpp:98] [js] liufei Do4Appear : hair_369
[09/25/26-18:58:51][thread 4868][info][NamaContext.cpp:98] [js] liufei Do4Appear : quadratic_ear1_370
[09/25/26-18:58:51][thread 4868][info][NamaContext.cpp:98] [js] liufei Do4Appear : quadratic_ear1_370
[09/25/26-18:58:51][thread 4868][info][NamaContext.cpp:98] [js] liufei Do4Appear : quadratic_ear1_370
[09/25/26-18:58:51][thread 4868][info][NamaContext.cpp:98] [js] liufei Do4Appear : default1_339
[09/25/26-18:58:51][thread 4868][info][NamaContext.cpp:98] [js] liufei Do4Appear : default1_339
[09/25/26-18:58:51][thread 4868][info][NamaContext.cpp:98] [js] liufei Do4Appear : default1_339
[09/25/26-18:58:51][thread 4868][info][NamaContext.cpp:98] [js] liufei Do4Appear : NewAnim_1_363
[09/25/26-18:58:51][thread 4868][info][NamaContext.cpp:98] [js] liufei Do4Appear : NewAnim_1_363
[09/25/26-18:58:51][thread 4868][info][NamaContext.cpp:98] [js] liufei Do4Appear : NewAnim_1_363
[09/25/26-18:58:51][thread 4868][info][makeupController.cpp:2037] debug++ SetParamTex called tex_brow
[09/25/26-18:58:51][thread 4868][info][makeupController.cpp:2037] debug++ SetParamTex called tex_blusher
[09/25/26-18:58:51][thread 4868][info][makeupController.cpp:2037] debug++ SetParamTex called tex_eyeLiner
[09/25/26-18:58:51][thread 4868][info][makeupController.cpp:2037] debug++ SetParamTex called tex_eye
[09/25/26-18:58:51][thread 4868][info][makeupController.cpp:2037] debug++ SetParamTex called tex_eye2
[09/25/26-18:58:51][thread 4868][info][makeupController.cpp:2037] debug++ SetParamTex called tex_pupil
[09/25/26-18:58:51][thread 4868][info][makeupController.cpp:2037] debug++ SetParamTex called tex_highlight
[09/25/26-18:58:51][thread 4868][info][makeupController.cpp:2037] debug++ SetParamTex called tex_eyeLash
[09/25/26-18:58:51][thread 6284][warning][makeupController.cpp:2706] load texture failed!:eyepupil.png
[09/25/26-18:58:51][thread 6284][warning][makeupController.cpp:2706] load texture failed!:eyeliner.png
[09/25/26-18:58:51][thread 6284][warning][makeupController.cpp:2706] load texture failed!:eyelash.png
[09/25/26-18:58:51][thread 6284][warning][makeupController.cpp:2706] load texture failed!:brow.png
[09/25/26-18:58:51][thread 6284][warning][makeupController.cpp:2706] load texture failed!:eye.png
[09/25/26-18:58:51][thread 6284][warning][makeupController.cpp:2706] load texture failed!:eye2.png
[09/25/26-18:58:51][thread 6284][warning][makeupController.cpp:2706] load texture failed!:eye3.png
[09/25/26-18:58:51][thread 6284][warning][makeupController.cpp:2706] load texture failed!:eye4.png
[09/25/26-18:58:51][thread 6284][warning][makeupController.cpp:2706] load texture failed!:lip_top2.png
[09/25/26-18:58:51][thread 6284][warning][makeupController.cpp:2706] load texture failed!:zhuangrong_sh.png
[09/25/26-18:58:51][thread 6284][warning][makeupController.cpp:2706] load texture failed!:zhuangrong_sh2.png
[09/25/26-18:58:51][thread 6284][warning][makeupController.cpp:2706] load texture failed!:zhuangrong_fd.png
[09/25/26-18:58:51][thread 6284][warning][makeupController.cpp:2706] load texture failed!:zhuangrong_gg.png
[09/25/26-18:58:51][thread 6284][warning][makeupController.cpp:2706] load texture failed!:zhuangrong_yy.png
[09/25/26-18:58:51][thread 6284][warning][makeupController.cpp:2706] load texture failed!:lip_bz1.png
[09/25/26-18:58:51][thread 6284][warning][makeupController.cpp:2706] load texture failed!:gloss_lut.png
[09/25/26-18:58:51][thread 6284][info][NamaContext.cpp:1534] created item name: face_makeup
[09/25/26-18:58:51][thread 6284][info][CNamaSDK.cpp:890] fuCreateItemFromPackage: handle = 2, item_name = 
[09/25/26-18:58:51][thread 4868][warning][makeupController.cpp:389] MakeupFilter has not load resource makeup_index:2,makeup_current_index:3
[09/25/26-18:58:51][thread 4868][warning][makeupController.cpp:389] MakeupFilter has not load resource makeup_index:2,makeup_current_index:3
[09/25/26-18:58:51][thread 6284][info][NamaContext.cpp:1534] created item name: makeup_info
[09/25/26-18:58:51][thread 6284][info][CNamaSDK.cpp:890] fuCreateItemFromPackage: handle = 4, item_name = 
[09/25/26-18:58:51][thread 6284][info][makeupController.cpp:2037] debug++ SetParamTex called tex_shadow
[09/25/26-18:58:52][thread 4868][warning][makeupController.cpp:389] MakeupFilter has not load resource makeup_index:2,makeup_current_index:3
[09/25/26-18:58:52][thread 6284][info][NamaContext.cpp:1534] created item name: yaochun
[09/25/26-18:58:52][thread 6284][info][CNamaSDK.cpp:890] fuCreateItemFromPackage: handle = 5, item_name = 
[09/25/26-18:58:52][thread 6284][info][makeupController.cpp:2037] debug++ SetParamTex called tex_lip_mask_bite_zz
[09/25/26-18:58:52][thread 6284][info][makeupController.cpp:2037] debug++ SetParamTex called tex_lip_mask_bite_bz
[09/25/26-18:58:52][thread 4868][warning][makeupController.cpp:389] MakeupFilter has not load resource makeup_index:2,makeup_current_index:3
[09/25/26-18:58:52][thread 6284][info][NamaContext.cpp:1534] created item name: makeup_info
[09/25/26-18:58:52][thread 6284][info][CNamaSDK.cpp:890] fuCreateItemFromPackage: handle = 6, item_name = 
[09/25/26-18:58:52][thread 6284][info][makeupController.cpp:2037] debug++ SetParamTex called tex_highlight
[09/25/26-18:58:52][thread 4868][warning][makeupController.cpp:389] MakeupFilter has not load resource makeup_index:2,makeup_current_index:3
[09/25/26-18:58:52][thread 4868][warning][makeupController.cpp:389] MakeupFilter has not load resource makeup_index:2,makeup_current_index:3
[09/25/26-18:58:52][thread 4868][warning][makeupController.cpp:389] MakeupFilter has not load resource makeup_index:2,makeup_current_index:3
[09/25/26-18:58:52][thread 4868][warning][makeupController.cpp:389] MakeupFilter has not load resource makeup_index:2,makeup_current_index:3
[09/25/26-18:58:52][thread 4868][warning][makeupController.cpp:389] MakeupFilter has not load resource makeup_index:2,makeup_current_index:3
[09/25/26-18:58:52][thread 4868][warning][makeupController.cpp:389] MakeupFilter has not load resource makeup_index:2,makeup_current_index:3
[09/25/26-18:58:52][thread 4868][warning][makeupController.cpp:389] MakeupFilter has not load resource makeup_index:2,makeup_current_index:3
[09/25/26-18:58:52][thread 4868][warning][makeupController.cpp:389] MakeupFilter has not load resource makeup_index:2,makeup_current_index:3
[09/25/26-18:58:52][thread 4868][warning][makeupController.cpp:389] MakeupFilter has not load resource makeup_index:2,makeup_current_index:3
[09/25/26-18:58:52][thread 4868][warning][makeupController.cpp:389] MakeupFilter has not load resource makeup_index:2,makeup_current_index:3
[09/25/26-18:58:52][thread 4868][warning][makeupController.cpp:389] MakeupFilter has not load resource makeup_index:2,makeup_current_index:3
[09/25/26-18:58:52][thread 4868][warning][makeupController.cpp:389] MakeupFilter has not load resource makeup_index:2,makeup_current_index:3
[09/25/26-18:58:52][thread 4868][warning][makeupController.cpp:389] MakeupFilter has not load resource makeup_index:2,makeup_current_index:3
[09/25/26-18:58:52][thread 4868][warning][makeupController.cpp:389] MakeupFilter has not load resource makeup_index:2,makeup_current_index:3
[09/25/26-18:58:52][thread 4868][warning][makeupController.cpp:389] MakeupFilter has not load resource makeup_index:2,makeup_current_index:3
[09/25/26-18:58:52][thread 4868][warning][makeupController.cpp:389] MakeupFilter has not load resource makeup_index:2,makeup_current_index:3
[09/25/26-18:58:52][thread 4868][warning][makeupController.cpp:389] MakeupFilter has not load resource makeup_index:2,makeup_current_index:3
[09/25/26-18:58:52][thread 4868][warning][makeupController.cpp:389] MakeupFilter has not load resource makeup_index:2,makeup_current_index:3
[09/25/26-18:58:52][thread 4868][warning][makeupController.cpp:389] MakeupFilter has not load resource makeup_index:2,makeup_current_index:3
[09/25/26-18:58:52][thread 4868][warning][makeupController.cpp:389] MakeupFilter has not load resource makeup_index:2,makeup_current_index:3
[09/25/26-18:58:53][thread 4868][warning][makeupController.cpp:389] MakeupFilter has not load resource makeup_index:2,makeup_current_index:3
[09/25/26-18:58:53][thread 4868][warning][makeupController.cpp:389] MakeupFilter has not load resource makeup_index:2,makeup_current_index:3
[09/25/26-18:58:53][thread 4868][warning][makeupController.cpp:389] MakeupFilter has not load resource makeup_index:2,makeup_current_index:3
[09/25/26-18:58:53][thread 4868][warning][makeupController.cpp:389] MakeupFilter has not load resource makeup_index:2,makeup_current_index:3
[09/25/26-18:58:53][thread 4868][warning][makeupController.cpp:389] MakeupFilter has not load resource makeup_index:2,makeup_current_index:3
[09/25/26-18:58:53][thread 4868][warning][makeupController.cpp:389] MakeupFilter has not load resource makeup_index:2,makeup_current_index:3
[09/25/26-18:58:53][thread 4868][warning][makeupController.cpp:389] MakeupFilter has not load resource makeup_index:2,makeup_current_index:3
[09/25/26-18:58:53][thread 4868][warning][makeupController.cpp:389] MakeupFilter has not load resource makeup_index:2,makeup_current_index:3
[09/25/26-18:58:53][thread 4868][warning][makeupController.cpp:389] MakeupFilter has not load resource makeup_index:2,makeup_current_index:3
[09/25/26-18:58:53][thread 4868][warning][makeupController.cpp:389] MakeupFilter has not load resource makeup_index:2,makeup_current_index:3
[09/25/26-18:58:53][thread 4868][warning][makeupController.cpp:389] MakeupFilter has not load resource makeup_index:2,makeup_current_index:3
[09/25/26-18:58:53][thread 4868][warning][makeupController.cpp:389] MakeupFilter has not load resource makeup_index:2,makeup_current_index:3
[09/25/26-18:58:53][thread 4868][warning][makeupController.cpp:389] MakeupFilter has not load resource makeup_index:2,makeup_current_index:3
[09/25/26-18:58:53][thread 4868][warning][makeupController.cpp:389] MakeupFilter has not load resource makeup_index:2,makeup_current_index:3
[09/25/26-18:58:53][thread 4868][warning][makeupController.cpp:389] MakeupFilter has not load resource makeup_index:2,makeup_current_index:3
[09/25/26-18:58:53][thread 4868][warning][makeupController.cpp:389] MakeupFilter has not load resource makeup_index:2,makeup_current_index:3
[09/25/26-18:58:53][thread 4868][warning][makeupController.cpp:389] MakeupFilter has not load resource makeup_index:2,makeup_current_index:3
[09/25/26-18:58:53][thread 4868][warning][makeupController.cpp:389] MakeupFilter has not load resource makeup_index:2,makeup_current_index:3
[09/25/26-18:58:53][thread 4868][warning][makeupController.cpp:389] MakeupFilter has not load resource makeup_index:2,makeup_current_index:3
[09/25/26-18:58:53][thread 4868][warning][makeupController.cpp:389] MakeupFilter has not load resource makeup_index:2,makeup_current_index:3
[09/25/26-18:58:53][thread 4868][warning][makeupController.cpp:389] MakeupFilter has not load resource makeup_index:2,makeup_current_index:3
[09/25/26-18:58:54][thread 4868][warning][makeupController.cpp:389] MakeupFilter has not load resource makeup_index:2,makeup_current_index:3
[09/25/26-18:58:54][thread 4868][warning][makeupController.cpp:389] MakeupFilter has not load resource makeup_index:2,makeup_current_index:3
[09/25/26-18:58:54][thread 4868][warning][makeupController.cpp:389] MakeupFilter has not load resource makeup_index:2,makeup_current_index:3
[09/25/26-18:58:54][thread 4868][warning][makeupController.cpp:389] MakeupFilter has not load resource makeup_index:2,makeup_current_index:3
[09/25/26-18:58:54][thread 4868][warning][makeupController.cpp:389] MakeupFilter has not load resource makeup_index:2,makeup_current_index:3
[09/25/26-18:58:54][thread 4868][warning][makeupController.cpp:389] MakeupFilter has not load resource makeup_index:2,makeup_current_index:3
[09/25/26-18:58:54][thread 4868][warning][makeupController.cpp:389] MakeupFilter has not load resource makeup_index:2,makeup_current_index:3
[09/25/26-18:58:54][thread 4868][warning][makeupController.cpp:389] MakeupFilter has not load resource makeup_index:2,makeup_current_index:3
[09/25/26-18:58:54][thread 4868][warning][makeupController.cpp:389] MakeupFilter has not load resource makeup_index:2,makeup_current_index:3
[09/25/26-18:58:54][thread 4868][warning][makeupController.cpp:389] MakeupFilter has not load resource makeup_index:2,makeup_current_index:3
[09/25/26-18:58:54][thread 4868][warning][makeupController.cpp:389] MakeupFilter has not load resource makeup_index:2,makeup_current_index:3
[09/25/26-18:58:54][thread 4868][warning][makeupController.cpp:389] MakeupFilter has not load resource makeup_index:2,makeup_current_index:3
[09/25/26-18:58:54][thread 4868][warning][makeupController.cpp:389] MakeupFilter has not load resource makeup_index:2,makeup_current_index:3
[09/25/26-18:58:54][thread 4868][warning][makeupController.cpp:389] MakeupFilter has not load resource makeup_index:2,makeup_current_index:3
[09/25/26-18:58:54][thread 4868][warning][makeupController.cpp:389] MakeupFilter has not load resource makeup_index:2,makeup_current_index:3
[09/25/26-18:58:54][thread 4868][warning][makeupController.cpp:389] MakeupFilter has not load resource makeup_index:2,makeup_current_index:3
[09/25/26-18:58:54][thread 4868][warning][makeupController.cpp:389] MakeupFilter has not load resource makeup_index:2,makeup_current_index:3
[09/25/26-18:58:54][thread 4868][warning][makeupController.cpp:389] MakeupFilter has not load resource makeup_index:2,makeup_current_index:3
[09/25/26-18:58:54][thread 4868][warning][makeupController.cpp:389] MakeupFilter has not load resource makeup_index:2,makeup_current_index:3
[09/25/26-18:58:54][thread 4868][warning][makeupController.cpp:389] MakeupFilter has not load resource makeup_index:2,makeup_current_index:3
[09/25/26-18:58:55][thread 4868][warning][makeupController.cpp:389] MakeupFilter has not load resource makeup_index:2,makeup_current_index:3
[09/25/26-18:58:55][thread 4868][warning][makeupController.cpp:389] MakeupFilter has not load resource makeup_index:2,makeup_current_index:3
[09/25/26-18:58:55][thread 4868][warning][makeupController.cpp:389] MakeupFilter has not load resource makeup_index:2,makeup_current_index:3
[09/25/26-18:58:55][thread 4868][warning][makeupController.cpp:389] MakeupFilter has not load resource makeup_index:2,makeup_current_index:3
[09/25/26-18:58:55][thread 4868][warning][makeupController.cpp:389] MakeupFilter has not load resource makeup_index:2,makeup_current_index:3
[09/25/26-18:58:55][thread 4868][warning][makeupController.cpp:389] MakeupFilter has not load resource makeup_index:2,makeup_current_index:3
[09/25/26-18:58:55][thread 4868][warning][makeupController.cpp:389] MakeupFilter has not load resource makeup_index:2,makeup_current_index:3
[09/25/26-18:58:55][thread 4868][warning][makeupController.cpp:389] MakeupFilter has not load resource makeup_index:2,makeup_current_index:3
[09/25/26-18:58:55][thread 4868][warning][makeupController.cpp:389] MakeupFilter has not load resource makeup_index:2,makeup_current_index:3
[09/25/26-18:58:55][thread 4868][warning][makeupController.cpp:389] MakeupFilter has not load resource makeup_index:2,makeup_current_index:3
[09/25/26-18:58:55][thread 4868][warning][makeupController.cpp:389] MakeupFilter has not load resource makeup_index:2,makeup_current_index:3
[09/25/26-18:58:55][thread 4868][warning][makeupController.cpp:389] MakeupFilter has not load resource makeup_index:2,makeup_current_index:3
[09/25/26-18:58:55][thread 4868][warning][makeupController.cpp:389] MakeupFilter has not load resource makeup_index:2,makeup_current_index:3
[09/25/26-18:58:55][thread 4868][warning][makeupController.cpp:389] MakeupFilter has not load resource makeup_index:2,makeup_current_index:3
[09/25/26-18:58:55][thread 4868][warning][makeupController.cpp:389] MakeupFilter has not load resource makeup_index:2,makeup_current_index:3
[09/25/26-18:58:55][thread 4868][warning][makeupController.cpp:389] MakeupFilter has not load resource makeup_index:2,makeup_current_index:3
[09/25/26-18:58:55][thread 4868][warning][makeupController.cpp:389] MakeupFilter has not load resource makeup_index:2,makeup_current_index:3
[09/25/26-18:58:55][thread 4868][warning][makeupController.cpp:389] MakeupFilter has not load resource makeup_index:2,makeup_current_index:3
[09/25/26-18:58:55][thread 4868][warning][makeupController.cpp:389] MakeupFilter has not load resource makeup_index:2,makeup_current_index:3
[09/25/26-18:58:56][thread 4868][warning][makeupController.cpp:389] MakeupFilter has not load resource makeup_index:2,makeup_current_index:3
[09/25/26-18:58:56][thread 4868][warning][makeupController.cpp:389] MakeupFilter has not load resource makeup_index:2,makeup_current_index:3
[09/25/26-18:58:56][thread 4868][warning][makeupController.cpp:389] MakeupFilter has not load resource makeup_index:2,makeup_current_index:3
[09/25/26-18:58:56][thread 4868][warning][makeupController.cpp:389] MakeupFilter has not load resource makeup_index:2,makeup_current_index:3
[09/25/26-18:58:56][thread 4868][warning][makeupController.cpp:389] MakeupFilter has not load resource makeup_index:2,makeup_current_index:3
[09/25/26-18:58:56][thread 4868][warning][makeupController.cpp:389] MakeupFilter has not load resource makeup_index:2,makeup_current_index:3
[09/25/26-18:58:56][thread 4868][warning][makeupController.cpp:389] MakeupFilter has not load resource makeup_index:2,makeup_current_index:3
[09/25/26-18:58:56][thread 4868][warning][makeupController.cpp:389] MakeupFilter has not load resource makeup_index:2,makeup_current_index:3
[09/25/26-18:58:56][thread 4868][warning][makeupController.cpp:389] MakeupFilter has not load resource makeup_index:2,makeup_current_index:3
[09/25/26-18:58:56][thread 4868][warning][makeupController.cpp:389] MakeupFilter has not load resource makeup_index:2,makeup_current_index:3
[09/25/26-18:58:56][thread 4868][warning][makeupController.cpp:389] MakeupFilter has not load resource makeup_index:2,makeup_current_index:3
[09/25/26-18:58:56][thread 4868][warning][makeupController.cpp:389] MakeupFilter has not load resource makeup_index:2,makeup_current_index:3
[09/25/26-18:58:56][thread 4868][warning][makeupController.cpp:389] MakeupFilter has not load resource makeup_index:2,makeup_current_index:3
[09/25/26-18:58:56][thread 4868][warning][makeupController.cpp:389] MakeupFilter has not load resource makeup_index:2,makeup_current_index:3
[09/25/26-18:58:56][thread 4868][warning][makeupController.cpp:389] MakeupFilter has not load resource makeup_index:2,makeup_current_index:3
[09/25/26-18:58:56][thread 4868][warning][makeupController.cpp:389] MakeupFilter has not load resource makeup_index:2,makeup_current_index:3
[09/25/26-18:58:56][thread 4868][warning][makeupController.cpp:389] MakeupFilter has not load resource makeup_index:2,makeup_current_index:3
[09/25/26-18:58:56][thread 4868][warning][makeupController.cpp:389] MakeupFilter has not load resource makeup_index:2,makeup_current_index:3
[09/25/26-18:58:56][thread 4868][warning][makeupController.cpp:389] MakeupFilter has not load resource makeup_index:2,makeup_current_index:3
[09/25/26-18:58:56][thread 4868][warning][makeupController.cpp:389] MakeupFilter has not load resource makeup_index:2,makeup_current_index:3
[09/25/26-18:58:56][thread 4868][warning][makeupController.cpp:389] MakeupFilter has not load resource makeup_index:2,makeup_current_index:3
[09/25/26-18:58:57][thread 4868][warning][makeupController.cpp:389] MakeupFilter has not load resource makeup_index:2,makeup_current_index:3
[09/25/26-18:58:57][thread 4868][warning][makeupController.cpp:389] MakeupFilter has not load resource makeup_index:2,makeup_current_index:3
[09/25/26-18:58:57][thread 4868][warning][makeupController.cpp:389] MakeupFilter has not load resource makeup_index:2,makeup_current_index:3
[09/25/26-18:58:57][thread 4868][warning][makeupController.cpp:389] MakeupFilter has not load resource makeup_index:2,makeup_current_index:3
[09/25/26-18:58:57][thread 4868][warning][makeupController.cpp:389] MakeupFilter has not load resource makeup_index:2,makeup_current_index:3
[09/25/26-18:58:57][thread 4868][warning][makeupController.cpp:389] MakeupFilter has not load resource makeup_index:2,makeup_current_index:3
[09/25/26-18:58:57][thread 4868][warning][makeupController.cpp:389] MakeupFilter has not load resource makeup_index:2,makeup_current_index:3
[09/25/26-18:58:57][thread 4868][warning][makeupController.cpp:389] MakeupFilter has not load resource makeup_index:2,makeup_current_index:3
[09/25/26-18:58:57][thread 4868][warning][makeupController.cpp:389] MakeupFilter has not load resource makeup_index:2,makeup_current_index:3
[09/25/26-18:58:57][thread 4868][warning][makeupController.cpp:389] MakeupFilter has not load resource makeup_index:2,makeup_current_index:3
[09/25/26-18:58:57][thread 4868][warning][makeupController.cpp:389] MakeupFilter has not load resource makeup_index:2,makeup_current_index:3
[09/25/26-18:58:57][thread 4868][warning][makeupController.cpp:389] MakeupFilter has not load resource makeup_index:2,makeup_current_index:3
[09/25/26-18:58:57][thread 4868][warning][makeupController.cpp:389] MakeupFilter has not load resource makeup_index:2,makeup_current_index:3
[09/25/26-18:58:57][thread 4868][warning][makeupController.cpp:389] MakeupFilter has not load resource makeup_index:2,makeup_current_index:3
[09/25/26-18:58:57][thread 4868][warning][makeupController.cpp:389] MakeupFilter has not load resource makeup_index:2,makeup_current_index:3
[09/25/26-18:58:57][thread 4868][warning][makeupController.cpp:389] MakeupFilter has not load resource makeup_index:2,makeup_current_index:3
[09/25/26-18:58:57][thread 4868][warning][makeupController.cpp:389] MakeupFilter has not load resource makeup_index:2,makeup_current_index:3
[09/25/26-18:58:57][thread 4868][warning][makeupController.cpp:389] MakeupFilter has not load resource makeup_index:2,makeup_current_index:3
[09/25/26-18:58:57][thread 4868][warning][makeupController.cpp:389] MakeupFilter has not load resource makeup_index:2,makeup_current_index:3
[09/25/26-18:58:57][thread 6284][info][CNamaSDK.cpp:1030] fuDestroyItem: handle = 8
[09/25/26-18:58:57][thread 6284][info][makeupController.cpp:2037] debug++ SetParamTex called tex_shadow
[09/25/26-18:58:57][thread 6284][info][CNamaSDK.cpp:1030] fuDestroyItem: handle = 4
[09/25/26-18:58:57][thread 6284][info][makeupController.cpp:2037] debug++ SetParamTex called tex_lip_mask_bite_zz
[09/25/26-18:58:57][thread 6284][info][makeupController.cpp:2037] debug++ SetParamTex called tex_lip_mask_bite_bz
[09/25/26-18:58:57][thread 6284][info][CNamaSDK.cpp:1030] fuDestroyItem: handle = 5
[09/25/26-18:58:57][thread 6284][info][makeupController.cpp:2037] debug++ SetParamTex called tex_highlight
[09/25/26-18:58:57][thread 6284][info][CNamaSDK.cpp:1030] fuDestroyItem: handle = 6
[09/25/26-18:58:57][thread 6284][info][CNamaSDK.cpp:1030] fuDestroyItem: handle = 2
[09/25/26-18:58:57][thread 6284][warning][makeupController.cpp:2706] load texture failed!:eyepupil.png
[09/25/26-18:58:57][thread 6284][warning][makeupController.cpp:2706] load texture failed!:eyeliner.png
[09/25/26-18:58:57][thread 6284][warning][makeupController.cpp:2706] load texture failed!:eyelash.png
[09/25/26-18:58:57][thread 6284][warning][makeupController.cpp:2706] load texture failed!:brow.png
[09/25/26-18:58:57][thread 6284][warning][makeupController.cpp:2706] load texture failed!:eye.png
[09/25/26-18:58:57][thread 6284][warning][makeupController.cpp:2706] load texture failed!:eye2.png
[09/25/26-18:58:57][thread 6284][warning][makeupController.cpp:2706] load texture failed!:eye3.png
[09/25/26-18:58:57][thread 6284][warning][makeupController.cpp:2706] load texture failed!:eye4.png
[09/25/26-18:58:57][thread 6284][warning][makeupController.cpp:2706] load texture failed!:lip_top2.png
[09/25/26-18:58:57][thread 6284][warning][makeupController.cpp:2706] load texture failed!:zhuangrong_sh.png
[09/25/26-18:58:57][thread 6284][warning][makeupController.cpp:2706] load texture failed!:zhuangrong_sh2.png
[09/25/26-18:58:57][thread 6284][warning][makeupController.cpp:2706] load texture failed!:zhuangrong_fd.png
[09/25/26-18:58:57][thread 6284][warning][makeupController.cpp:2706] load texture failed!:zhuangrong_gg.png
[09/25/26-18:58:57][thread 6284][warning][makeupController.cpp:2706] load texture failed!:zhuangrong_yy.png
[09/25/26-18:58:57][thread 6284][warning][makeupController.cpp:2706] load texture failed!:lip_bz1.png
[09/25/26-18:58:57][thread 6284][warning][makeupController.cpp:2706] load texture failed!:gloss_lut.png
[09/25/26-18:58:57][thread 6284][info][NamaContext.cpp:1534] created item name: face_makeup
[09/25/26-18:58:57][thread 6284][info][CNamaSDK.cpp:890] fuCreateItemFromPackage: handle = 2, item_name = 
[09/25/26-18:58:58][thread 6284][info][NamaContext.cpp:1534] created item name: makeup_info
[09/25/26-18:58:58][thread 6284][info][CNamaSDK.cpp:890] fuCreateItemFromPackage: handle = 4, item_name = 
[09/25/26-18:58:58][thread 6284][info][makeupController.cpp:2037] debug++ SetParamTex called tex_shadow
[09/25/26-18:58:58][thread 6284][info][NamaContext.cpp:1534] created item name: yaochun
[09/25/26-18:58:58][thread 6284][info][CNamaSDK.cpp:890] fuCreateItemFromPackage: handle = 5, item_name = 
[09/25/26-18:58:58][thread 6284][info][makeupController.cpp:2037] debug++ SetParamTex called tex_lip_mask_bite_zz
[09/25/26-18:58:58][thread 6284][info][makeupController.cpp:2037] debug++ SetParamTex called tex_lip_mask_bite_bz
[09/25/26-18:58:58][thread 6284][info][NamaContext.cpp:1534] created item name: makeup_info
[09/25/26-18:58:58][thread 6284][info][CNamaSDK.cpp:890] fuCreateItemFromPackage: handle = 6, item_name = 
[09/25/26-18:58:58][thread 6284][info][makeupController.cpp:2037] debug++ SetParamTex called tex_highlight
[09/25/26-18:59:06][thread 6284][info][NamaContext.cpp:1534] created item name: unnamed
[09/25/26-18:59:06][thread 6284][info][CNamaSDK.cpp:890] fuCreateItemFromPackage: handle = 8, item_name = 
[09/25/26-18:59:06][thread 6284][info][makeupController.cpp:2037] debug++ SetParamTex called tex_shadow
[09/25/26-18:59:06][thread 6284][info][CNamaSDK.cpp:1030] fuDestroyItem: handle = 4
[09/25/26-18:59:06][thread 6284][info][makeupController.cpp:2037] debug++ SetParamTex called tex_lip_mask_bite_zz
[09/25/26-18:59:06][thread 6284][info][makeupController.cpp:2037] debug++ SetParamTex called tex_lip_mask_bite_bz
[09/25/26-18:59:06][thread 6284][info][CNamaSDK.cpp:1030] fuDestroyItem: handle = 5
[09/25/26-18:59:06][thread 6284][info][makeupController.cpp:2037] debug++ SetParamTex called tex_highlight
[09/25/26-18:59:06][thread 6284][info][CNamaSDK.cpp:1030] fuDestroyItem: handle = 6
[09/25/26-18:59:06][thread 6284][info][CNamaSDK.cpp:1030] fuDestroyItem: handle = 2
[09/25/26-18:59:06][thread 6284][warning][makeupController.cpp:2706] load texture failed!:eyepupil.png
[09/25/26-18:59:06][thread 6284][warning][makeupController.cpp:2706] load texture failed!:eyeliner.png
[09/25/26-18:59:06][thread 6284][warning][makeupController.cpp:2706] load texture failed!:eyelash.png
[09/25/26-18:59:06][thread 6284][warning][makeupController.cpp:2706] load texture failed!:brow.png
[09/25/26-18:59:06][thread 6284][warning][makeupController.cpp:2706] load texture failed!:eye.png
[09/25/26-18:59:06][thread 6284][warning][makeupController.cpp:2706] load texture failed!:eye2.png
[09/25/26-18:59:06][thread 6284][warning][makeupController.cpp:2706] load texture failed!:eye3.png
[09/25/26-18:59:06][thread 6284][warning][makeupController.cpp:2706] load texture failed!:eye4.png
[09/25/26-18:59:06][thread 6284][warning][makeupController.cpp:2706] load texture failed!:lip_top2.png
[09/25/26-18:59:06][thread 6284][warning][makeupController.cpp:2706] load texture failed!:zhuangrong_sh.png
[09/25/26-18:59:06][thread 6284][warning][makeupController.cpp:2706] load texture failed!:zhuangrong_sh2.png
[09/25/26-18:59:06][thread 6284][warning][makeupController.cpp:2706] load texture failed!:zhuangrong_fd.png
[09/25/26-18:59:06][thread 6284][warning][makeupController.cpp:2706] load texture failed!:zhuangrong_gg.png
[09/25/26-18:59:06][thread 6284][warning][makeupController.cpp:2706] load texture failed!:zhuangrong_yy.png
[09/25/26-18:59:06][thread 6284][warning][makeupController.cpp:2706] load texture failed!:lip_bz1.png
[09/25/26-18:59:06][thread 6284][warning][makeupController.cpp:2706] load texture failed!:gloss_lut.png
[09/25/26-18:59:06][thread 6284][info][NamaContext.cpp:1534] created item name: face_makeup
[09/25/26-18:59:06][thread 6284][info][CNamaSDK.cpp:890] fuCreateItemFromPackage: handle = 2, item_name = 
[09/25/26-18:59:06][thread 6284][info][NamaContext.cpp:1534] created item name: makeup_info
[09/25/26-18:59:06][thread 6284][info][CNamaSDK.cpp:890] fuCreateItemFromPackage: handle = 4, item_name = 
[09/25/26-18:59:06][thread 6284][info][makeupController.cpp:2037] debug++ SetParamTex called tex_shadow
[09/25/26-18:59:06][thread 6284][info][NamaContext.cpp:1534] created item name: yaochun
[09/25/26-18:59:06][thread 6284][info][CNamaSDK.cpp:890] fuCreateItemFromPackage: handle = 5, item_name = 
[09/25/26-18:59:06][thread 6284][info][makeupController.cpp:2037] debug++ SetParamTex called tex_lip_mask_bite_zz
[09/25/26-18:59:06][thread 6284][info][makeupController.cpp:2037] debug++ SetParamTex called tex_lip_mask_bite_bz
[09/25/26-18:59:06][thread 6284][info][NamaContext.cpp:1534] created item name: makeup_info
[09/25/26-18:59:06][thread 6284][info][CNamaSDK.cpp:890] fuCreateItemFromPackage: handle = 6, item_name = 
[09/25/26-18:59:06][thread 6284][info][makeupController.cpp:2037] debug++ SetParamTex called tex_highlight
[09/25/26-18:59:10][thread 6284][info][CNamaSDK.cpp:1030] fuDestroyItem: handle = 8
[09/25/26-18:59:10][thread 6284][info][makeupController.cpp:2037] debug++ SetParamTex called tex_shadow
[09/25/26-18:59:10][thread 6284][info][CNamaSDK.cpp:1030] fuDestroyItem: handle = 4
[09/25/26-18:59:10][thread 6284][info][makeupController.cpp:2037] debug++ SetParamTex called tex_lip_mask_bite_zz
[09/25/26-18:59:10][thread 6284][info][makeupController.cpp:2037] debug++ SetParamTex called tex_lip_mask_bite_bz
[09/25/26-18:59:10][thread 6284][info][CNamaSDK.cpp:1030] fuDestroyItem: handle = 5
[09/25/26-18:59:10][thread 6284][info][makeupController.cpp:2037] debug++ SetParamTex called tex_highlight
[09/25/26-18:59:10][thread 6284][info][CNamaSDK.cpp:1030] fuDestroyItem: handle = 6
[09/25/26-18:59:10][thread 6284][info][CNamaSDK.cpp:1030] fuDestroyItem: handle = 2
[09/25/26-18:59:10][thread 6284][warning][makeupController.cpp:2706] load texture failed!:eyepupil.png
[09/25/26-18:59:10][thread 6284][warning][makeupController.cpp:2706] load texture failed!:eyeliner.png
[09/25/26-18:59:10][thread 6284][warning][makeupController.cpp:2706] load texture failed!:eyelash.png
[09/25/26-18:59:10][thread 6284][warning][makeupController.cpp:2706] load texture failed!:brow.png
[09/25/26-18:59:10][thread 6284][warning][makeupController.cpp:2706] load texture failed!:eye.png
[09/25/26-18:59:10][thread 6284][warning][makeupController.cpp:2706] load texture failed!:eye2.png
[09/25/26-18:59:10][thread 6284][warning][makeupController.cpp:2706] load texture failed!:eye3.png
[09/25/26-18:59:10][thread 6284][warning][makeupController.cpp:2706] load texture failed!:eye4.png
[09/25/26-18:59:10][thread 6284][warning][makeupController.cpp:2706] load texture failed!:lip_top2.png
[09/25/26-18:59:10][thread 6284][warning][makeupController.cpp:2706] load texture failed!:zhuangrong_sh.png
[09/25/26-18:59:10][thread 6284][warning][makeupController.cpp:2706] load texture failed!:zhuangrong_sh2.png
[09/25/26-18:59:10][thread 6284][warning][makeupController.cpp:2706] load texture failed!:zhuangrong_fd.png
[09/25/26-18:59:10][thread 6284][warning][makeupController.cpp:2706] load texture failed!:zhuangrong_gg.png
[09/25/26-18:59:10][thread 6284][warning][makeupController.cpp:2706] load texture failed!:zhuangrong_yy.png
[09/25/26-18:59:10][thread 6284][warning][makeupController.cpp:2706] load texture failed!:lip_bz1.png
[09/25/26-18:59:10][thread 6284][warning][makeupController.cpp:2706] load texture failed!:gloss_lut.png
[09/25/26-18:59:10][thread 6284][info][NamaContext.cpp:1534] created item name: face_makeup
[09/25/26-18:59:10][thread 6284][info][CNamaSDK.cpp:890] fuCreateItemFromPackage: handle = 2, item_name = 
[09/25/26-18:59:10][thread 6284][info][NamaContext.cpp:1534] created item name: makeup_info
[09/25/26-18:59:10][thread 6284][info][CNamaSDK.cpp:890] fuCreateItemFromPackage: handle = 4, item_name = 
[09/25/26-18:59:10][thread 6284][info][makeupController.cpp:2037] debug++ SetParamTex called tex_shadow
[09/25/26-18:59:11][thread 6284][info][NamaContext.cpp:1534] created item name: yaochun
[09/25/26-18:59:11][thread 6284][info][CNamaSDK.cpp:890] fuCreateItemFromPackage: handle = 5, item_name = 
[09/25/26-18:59:11][thread 6284][info][makeupController.cpp:2037] debug++ SetParamTex called tex_lip_mask_bite_zz
[09/25/26-18:59:11][thread 6284][info][makeupController.cpp:2037] debug++ SetParamTex called tex_lip_mask_bite_bz
[09/25/26-18:59:11][thread 6284][info][NamaContext.cpp:1534] created item name: makeup_info
[09/25/26-18:59:11][thread 6284][info][CNamaSDK.cpp:890] fuCreateItemFromPackage: handle = 6, item_name = 
[09/25/26-18:59:11][thread 6284][info][makeupController.cpp:2037] debug++ SetParamTex called tex_highlight
[09/25/26-20:13:20][thread 4868][info][CNamaSDK.cpp:1039] fuDestroyAllItems called
[09/25/26-20:13:20][thread 4868][info][CNamaSDK.cpp:1076] fuOnDeviceLost called
[09/25/26-20:13:20][thread 4868][info][CNamaSDK.cpp:670] fuDestroyLibData called
[09/25/26-20:13:21][thread 6156][info][ControllerManager.cpp:271] Controller::ControllerManager::~ControllerManager: called
